"time","Humidity"
2023-07-06 17:16:24,5.26
2023-07-06 17:17:55,5.48
2023-07-06 17:19:26,5.73
2023-07-06 17:20:57,5.85
2023-07-06 17:22:29,5.90
2023-07-06 17:24:00,5.95
2023-07-06 17:25:31,5.98
2023-07-06 17:27:02,5.98
2023-07-06 17:30:41,5.31
2023-07-06 17:32:10,5.77
2023-07-06 17:36:23,6.02
2023-07-06 17:40:36,5.90
2023-07-06 17:44:48,5.66
2023-07-06 17:49:01,6.06
2023-07-06 17:53:14,6.20
2023-07-06 17:57:27,5.62
2023-07-06 18:01:39,6.09
2023-07-06 18:05:51,6.24
2023-07-06 18:10:11,5.79
2023-07-06 18:59:38,6.33
2023-07-06 19:50:14,6.61
2023-07-06 20:40:53,6.70
2023-07-06 21:31:26,6.65
2023-07-06 22:22:06,6.60
2023-07-06 23:12:44,6.70
2023-07-07 00:03:23,7.30
2023-07-07 00:53:59,7.65
2023-07-07 01:44:31,7.74
2023-07-07 02:35:07,7.84
2023-07-07 03:25:41,7.57
2023-07-07 04:16:14,7.36
2023-07-07 05:06:56,8.07
2023-07-07 05:57:34,8.12
2023-07-07 06:48:11,8.12
2023-07-07 07:38:44,7.94
2023-07-07 08:29:18,7.62
2023-07-07 09:19:55,7.68
2023-07-07 10:10:29,7.80
2023-07-07 11:01:08,7.87
2023-07-07 11:51:45,8.21
2023-07-07 12:42:17,8.39
2023-07-07 13:32:52,8.53
2023-07-07 14:23:25,8.38
2023-07-07 15:14:00,8.17
2023-07-07 16:04:34,8.19
2023-07-07 16:55:08,8.54
2023-07-07 17:45:41,8.64
2023-07-07 18:36:20,8.80
2023-07-07 19:26:55,8.81
2023-07-07 20:17:32,8.93
2023-07-07 20:54:41,8.99
2023-07-07 21:52:04,8.86
2023-07-07 22:49:34,8.33
2023-07-07 23:47:05,9.03
2023-07-08 00:44:36,8.69
2023-07-08 01:42:01,8.93
2023-07-08 02:39:30,8.48
2023-07-08 03:36:56,8.95
2023-07-08 04:34:22,8.50
2023-07-08 05:31:43,9.22
2023-07-08 06:29:15,8.78
2023-07-08 07:26:40,9.33
2023-07-08 08:24:07,8.97
2023-07-08 09:21:39,9.21
2023-07-08 10:19:03,9.41
2023-07-08 11:16:28,8.79
2023-07-08 12:13:51,9.25
2023-07-08 13:11:18,9.55
2023-07-08 14:08:45,9.20
2023-07-08 15:06:16,9.51
2023-07-08 16:03:46,8.92
2023-07-08 17:01:13,8.32
2023-07-08 17:58:41,7.99
2023-07-08 18:56:07,7.98
2023-07-08 19:53:37,7.76
2023-07-08 20:51:07,7.76
2023-07-08 21:48:31,7.53
2023-07-08 22:45:55,7.28
2023-07-08 23:43:19,6.76
2023-07-09 00:40:44,6.87
2023-07-09 01:38:09,6.70
2023-07-09 02:35:34,6.16
2023-07-09 03:32:59,5.84
2023-07-09 04:30:25,6.03
2023-07-09 05:27:48,5.98
2023-07-09 06:25:11,5.83
2023-07-09 07:22:34,5.15
2023-07-09 08:19:59,5.26
2023-07-09 09:17:23,5.34
2023-07-09 10:14:48,4.74
2023-07-09 11:12:15,4.94
2023-07-09 12:09:40,5.00
2023-07-09 13:07:03,4.81
2023-07-09 14:04:26,4.27
2023-07-09 15:01:49,4.63
2023-07-09 15:59:12,4.22
2023-07-09 16:56:42,4.44
2023-07-09 17:54:09,3.90
2023-07-09 18:51:33,4.24
2023-07-09 19:49:01,3.67
2023-07-09 20:46:24,3.51
2023-07-09 21:43:48,2.83
2023-07-09 22:41:15,2.92
2023-07-09 23:38:40,2.41
2023-07-10 00:36:08,2.55
2023-07-10 01:33:38,2.18
2023-07-10 02:31:02,2.04
2023-07-10 03:28:32,1.98
2023-07-10 04:26:00,1.53
2023-07-10 05:23:24,1.64
2023-07-10 06:20:50,1.55
2023-07-10 07:18:16,1.13
2023-07-10 08:15:42,1.16
2023-07-10 09:13:09,1.22
2023-07-10 10:10:33,1.14
2023-07-10 11:07:58,1.03
2023-07-10 12:05:24,0.914
2023-07-10 13:02:55,0.755
2023-07-10 14:00:18,0.429
2023-07-10 14:57:49,0.640
2023-07-10 15:55:15,0.480
2023-07-10 16:52:41,0.106
2023-07-10 17:50:06,0.273
2023-07-10 18:47:32,0.337
2023-07-10 19:44:59,0.0481
2023-07-10 20:42:25,0.225
2023-07-10 21:39:50,0.119
2023-07-10 22:37:12,0.0798
2023-07-10 23:34:37,0.0269
2023-07-11 00:32:02,-0.0838
2023-07-11 01:29:31,-0.118
2023-07-11 02:26:53,-0.161
2023-07-11 03:24:19,-0.227
2023-07-11 04:21:44,-0.348
2023-07-11 05:19:08,-0.379
2023-07-11 06:16:31,-0.396
2023-07-11 07:13:55,-0.400
2023-07-11 08:11:19,-0.356
2023-07-11 09:08:44,-0.420
2023-07-11 10:06:07,-0.443
2023-07-11 11:03:31,-0.471
2023-07-11 12:00:56,-0.408
2023-07-11 16:56:11,0.637
2023-07-11 17:58:25,0.551
2023-07-11 18:55:48,0.607
2023-07-11 19:53:12,0.626
2023-07-11 20:50:37,0.492
2023-07-11 21:48:01,0.308
2023-07-11 22:45:25,0.340
2023-07-11 23:42:49,0.405
2023-07-12 00:40:20,0.585
2023-07-12 01:37:52,0.580
2023-07-12 02:35:17,0.329
2023-07-12 03:32:46,0.145
2023-07-12 04:30:11,0.326
2023-07-12 05:27:36,0.469
2023-07-12 06:25:01,0.381
2023-07-12 07:22:28,0.312
2023-07-12 08:19:58,0.0790
2023-07-12 09:17:29,-0.0509
2023-07-12 10:14:55,0.103
2023-07-12 11:12:20,-0.0821
2023-07-12 12:09:45,-0.0178
2023-07-12 16:04:43,0.0523
2023-07-12 16:46:06,-0.0152
2023-07-12 16:47:29,0.0554
2023-07-12 17:37:53,-0.0380
2023-07-12 17:39:15,-0.0162
2023-07-12 17:47:01,-0.221
2023-07-12 17:48:24,-0.123
2023-07-12 18:54:24,-0.0947
2023-07-12 18:55:52,-0.0534
2023-07-12 20:01:51,-0.302
2023-07-12 20:03:14,-0.207
2023-07-12 21:09:46,-0.381
2023-07-12 21:11:09,-0.280
2023-07-12 22:17:08,-0.392
2023-07-12 22:18:32,-0.263
2023-07-12 23:23:15,-0.413
2023-07-12 23:24:42,-0.309
2023-07-13 00:29:15,-0.496
2023-07-13 00:30:38,-0.397
2023-07-13 01:34:52,-0.239
2023-07-13 01:36:15,-0.459
2023-07-13 02:40:35,-0.297
2023-07-13 02:41:57,-0.261
2023-07-13 03:47:22,-0.356
2023-07-13 03:48:46,-0.295
2023-07-13 04:52:34,-0.496
2023-07-13 04:53:57,-0.409
2023-07-13 05:58:28,-0.462
2023-07-13 05:59:51,-0.399
2023-07-13 07:03:48,-0.522
2023-07-13 07:05:12,-0.432
2023-07-13 08:09:46,-0.575
2023-07-13 08:11:09,-0.497
2023-07-13 09:13:58,-0.709
2023-07-13 09:15:20,-0.639
2023-07-13 10:18:38,-0.438
2023-07-13 10:20:00,-0.583
2023-07-13 11:22:12,-0.784
2023-07-13 11:23:39,-0.677
2023-07-13 12:26:23,-0.553
2023-07-13 12:27:47,-0.541
2023-07-13 13:30:31,-0.581
2023-07-13 13:31:54,-0.555
2023-07-13 14:35:08,-0.628
2023-07-13 14:36:35,-0.588
2023-07-13 15:38:29,-0.756
2023-07-13 15:39:51,-0.689
2023-07-13 16:43:05,-0.631
2023-07-13 16:44:27,-0.610
2023-07-13 17:47:37,-0.963
2023-07-13 17:49:00,-0.887
2023-07-13 18:52:11,-0.712
2023-07-13 18:53:33,-0.700
2023-07-13 19:56:32,-0.729
2023-07-13 19:57:54,-0.721
2023-07-13 21:01:08,-0.841
2023-07-13 21:02:30,-0.773
2023-07-13 22:05:30,-0.936
2023-07-13 22:06:53,-0.867
2023-07-13 23:09:43,-0.841
2023-07-13 23:11:06,-1.06
2023-07-14 00:13:55,-0.852
2023-07-14 00:15:21,-0.805
2023-07-14 01:17:55,-0.785
2023-07-14 01:19:22,-0.827
2023-07-14 02:22:12,-0.959
2023-07-14 02:23:39,-0.829
2023-07-14 03:25:48,-1.17
2023-07-14 03:27:10,-1.03
2023-07-14 04:29:23,-0.972
2023-07-14 04:30:45,-1.18
2023-07-14 05:32:46,-0.918
2023-07-14 05:34:09,-1.09
2023-07-14 06:36:06,-0.873
2023-07-14 06:37:27,-0.894
2023-07-14 07:40:19,-0.933
2023-07-14 07:41:42,-0.943
2023-07-14 08:43:53,-1.01
2023-07-14 08:45:15,-0.990
2023-07-14 09:48:32,-1.12
2023-07-14 09:49:54,-1.01
2023-07-14 10:53:10,-1.10
2023-07-14 10:54:34,-0.990
2023-07-14 11:55:55,-1.24
2023-07-14 11:57:22,-1.28
2023-07-14 12:59:18,-1.01
2023-07-14 13:00:42,-0.991
2023-07-14 14:02:11,-1.08
2023-07-14 14:03:33,-1.05
2023-07-14 14:41:26,-1.05
2023-07-14 15:42:37,-1.35
2023-07-14 16:43:25,-1.21
2023-07-14 17:45:11,-1.16
2023-07-14 18:47:05,-1.22
2023-07-14 19:48:32,-1.22
2023-07-14 22:32:14,-1.47
2023-07-14 23:33:04,-1.22
2023-07-15 00:33:25,-1.43
2023-07-15 01:35:22,-1.52
2023-07-15 02:37:18,-1.22
2023-07-15 03:38:43,-1.52
2023-07-15 04:40:51,-1.54
2023-07-15 05:43:39,-1.28
2023-07-15 06:45:47,-1.34
2023-07-15 07:48:29,-1.43
2023-07-15 08:51:37,-1.58
2023-07-15 09:54:13,-1.35
2023-07-15 10:55:38,-1.65
2023-07-15 11:57:53,-1.38
2023-07-15 12:59:23,-1.45
2023-07-15 14:01:19,-1.41
2023-07-15 15:03:40,-1.63
2023-07-15 16:06:30,-1.51
2023-07-15 17:08:42,-1.44
2023-07-15 18:10:09,-1.62
2023-07-15 19:12:26,-1.62
2023-07-15 20:13:20,-1.55
2023-07-15 21:13:06,-1.67
2023-07-15 22:14:06,-1.51
2023-07-15 23:15:13,-1.58
2023-07-16 00:16:05,-1.68
2023-07-16 01:16:43,-1.70
2023-07-16 02:17:10,-1.50
2023-07-16 03:16:18,-1.71
2023-07-16 04:16:58,-1.70
2023-07-16 05:17:32,-1.52
2023-07-16 06:17:00,-1.70
2023-07-16 07:17:04,-1.77
2023-07-16 08:16:30,-1.61
2023-07-16 09:16:03,-1.84
2023-07-16 10:14:17,-1.61
2023-07-16 12:27:38,-1.85
2023-07-16 13:26:47,-1.68
2023-07-16 14:26:10,-1.81
2023-07-16 15:26:00,-1.65
2023-07-16 16:24:27,-1.83
2023-07-16 17:23:03,-1.64
2023-07-16 18:21:08,-1.78
2023-07-16 19:21:01,-1.73
2023-07-16 20:19:07,-1.69
2023-07-16 21:18:06,-1.75
2023-07-16 22:17:15,-2.05
2023-07-16 23:15:50,-1.94
2023-07-17 00:13:43,-2.00
2023-07-17 01:12:08,-1.99
2023-07-17 02:10:28,-2.11
2023-07-17 03:08:11,-2.04
2023-07-17 04:06:46,-2.09
2023-07-17 05:05:46,-2.09
2023-07-17 06:04:07,-2.15
2023-07-17 07:03:15,-2.09
2023-07-17 08:01:02,-1.94
2023-07-17 09:00:17,-1.98
2023-07-17 09:59:06,-1.96
2023-07-17 10:56:39,-2.29
2023-07-17 11:54:49,-1.95
2023-07-17 12:54:13,-2.06
2023-07-17 13:14:10,-2.31
2023-07-17 14:01:04,-2.12
2023-07-17 14:29:04,-2.07
2023-07-17 15:26:31,-2.29
2023-07-17 16:25:57,-2.04
2023-07-17 17:25:38,-2.10
2023-07-17 18:24:10,-2.21
2023-07-17 19:23:28,-2.27
2023-07-17 20:23:30,-2.13
2023-07-17 21:23:51,-2.16
2023-07-17 22:23:55,-2.10
2023-07-17 23:24:09,-2.14
2023-07-18 00:23:59,-2.35
2023-07-18 01:23:19,-2.21
2023-07-18 02:22:59,-2.20
2023-07-18 03:22:53,-2.30
2023-07-18 04:22:40,-2.13
2023-07-18 05:22:26,-2.46
2023-07-18 06:21:14,-2.18
2023-07-18 07:20:25,-2.41
2023-07-18 08:19:44,-2.20
2023-07-18 09:18:33,-2.19
2023-07-18 10:16:01,-2.38
2023-07-18 11:15:43,-2.41
2023-07-18 12:13:51,-2.18
2023-07-18 13:12:27,-2.49
2023-07-18 13:16:48,-2.34
2023-07-18 14:00:51,-2.28
2023-07-18 15:00:09,-2.56
2023-07-18 15:58:18,-2.36
2023-07-18 16:57:49,-2.30
2023-07-18 17:57:07,-2.47
2023-07-18 18:56:20,-2.35
2023-07-18 19:56:52,-2.46
2023-07-18 21:39:35,-2.54
2023-07-18 22:38:25,-2.54
2023-07-18 23:38:16,-2.40
2023-07-19 00:37:39,-2.43
2023-07-19 01:35:49,-2.54
2023-07-19 02:34:53,-2.57
2023-07-19 03:33:43,-2.69
2023-07-19 04:32:53,-2.97
2023-07-19 05:33:16,-2.75
2023-07-19 06:32:45,-2.76
2023-07-19 07:32:34,-2.85
2023-07-19 08:31:34,-3.02
2023-07-19 09:30:44,-2.86
2023-07-19 10:30:44,-2.83
2023-07-19 11:29:12,-3.09
2023-07-19 12:29:12,-3.17
2023-07-19 13:29:33,-2.92
2023-07-19 13:48:55,-3.17
2023-07-19 14:00:10,-2.96
2023-07-19 14:51:52,-2.95
2023-07-19 15:34:28,-2.98
2023-07-19 16:32:12,-3.01
2023-07-19 17:29:56,-2.98
2023-07-19 18:27:39,-3.23
2023-07-19 19:25:22,-3.17
2023-07-19 20:23:10,-3.07
2023-07-19 21:20:54,-3.33
2023-07-19 22:18:40,-3.32
2023-07-19 23:16:22,-3.13
2023-07-20 00:14:05,-3.14
2023-07-20 01:11:47,-3.36
2023-07-20 02:09:26,-3.12
2023-07-20 03:07:09,-3.21
2023-07-20 04:04:52,-3.29
2023-07-20 05:02:37,-3.28
2023-07-20 06:00:21,-3.23
2023-07-20 06:58:03,-3.20
2023-07-20 07:55:47,-3.21
2023-07-20 08:53:29,-3.40
2023-07-20 09:51:11,-3.15
2023-07-20 10:48:53,-3.16
2023-07-20 11:46:37,-3.37
2023-07-20 12:44:18,-3.20
2023-07-20 13:41:59,-3.27
2023-07-20 14:39:43,-3.37
2023-07-20 15:37:26,-3.25
2023-07-25 14:15:46,7.59
2023-07-25 15:13:28,4.79
2023-07-25 16:11:09,4.50
2023-07-25 17:08:46,3.98
2023-07-25 18:06:26,3.20
2023-07-25 19:04:08,3.30
2023-07-25 20:01:52,2.84
2023-07-25 20:59:35,2.69
2023-07-25 21:57:19,2.54
2023-07-25 22:54:56,1.96
2023-07-25 23:52:36,2.08
2023-07-26 00:50:17,1.96
2023-07-26 01:47:53,1.72
2023-07-26 02:45:37,1.42
2023-07-26 03:43:20,1.50
2023-07-26 04:41:08,0.980
2023-07-26 05:38:47,1.24
2023-07-26 06:36:30,1.10
2023-07-26 07:34:11,0.704
2023-07-26 08:31:49,0.800
2023-07-26 09:29:26,0.827
2023-07-26 10:27:09,0.518
2023-07-26 11:24:53,0.531
2023-07-26 12:22:35,0.366
2023-07-26 13:20:11,0.156
2023-07-26 14:17:47,0.130
2023-07-26 15:15:37,-0.0175
2023-07-26 16:13:18,-0.487
2023-07-26 17:10:57,-0.382
2023-07-26 18:08:37,-0.446
2023-07-26 19:06:14,-0.718
2023-07-26 20:03:57,-0.923
2023-07-26 21:01:40,-0.844
2023-07-26 21:59:20,-0.960
2023-07-26 22:56:57,-1.17
2023-07-26 23:54:33,-1.12
2023-07-27 00:52:11,-1.04
2023-07-27 01:49:59,-1.07
2023-07-27 02:47:38,-1.42
2023-07-27 03:45:19,-1.28
2023-07-27 04:43:02,-1.25
2023-07-27 05:40:47,-1.62
2023-07-27 06:38:29,-1.49
2023-07-27 07:36:11,-1.41
2023-07-27 08:33:53,-1.72
2023-07-27 09:31:32,-1.53
2023-07-27 10:29:15,-1.55
2023-07-27 11:26:52,-1.68
2023-07-27 12:24:28,-1.68
2023-07-27 13:22:10,-1.21
2023-07-27 14:19:53,-1.37
2023-07-27 15:17:36,-1.13
2023-07-27 16:15:16,-1.40
2023-07-27 17:12:59,-1.48
2023-07-27 18:10:42,-1.22
2023-07-27 19:08:26,-1.12
2023-07-27 20:06:09,-1.07
2023-07-27 21:03:47,-1.35
2023-07-27 22:01:30,-1.40
2023-07-27 22:59:06,-1.53
2023-07-27 23:56:42,-1.60
2023-07-28 00:54:23,-1.47
2023-07-28 01:52:05,-1.30
2023-07-28 02:49:44,-1.31
2023-07-28 03:47:25,-1.64
2023-07-28 04:45:03,-1.42
2023-07-28 05:42:42,-1.35
2023-07-28 06:40:19,-1.65
2023-07-28 07:37:57,-1.37
2023-07-28 08:35:38,-1.41
2023-07-28 09:33:18,-1.65
2023-07-28 10:30:58,-1.45
2023-07-28 11:28:43,-1.64
2023-07-28 13:13:45,-1.47
2023-07-28 13:55:49,-1.55
2023-07-28 15:02:28,-1.45
2023-07-28 16:07:52,-1.67
2023-07-28 16:42:52,-1.73
2023-07-28 17:46:23,-1.49
2023-07-28 19:03:49,-1.64
2023-07-28 20:20:25,-1.74
2023-07-28 21:37:38,-1.80
2023-07-28 22:55:50,-1.84
2023-07-29 00:13:01,-1.87
2023-07-29 01:31:25,-1.67
2023-07-29 02:47:57,-1.65
2023-07-29 04:06:41,-1.92
2023-07-29 05:24:59,-1.66
2023-07-29 06:41:49,-1.64
2023-07-29 07:58:21,-1.79
2023-07-29 09:14:31,-1.94
2023-07-29 10:30:44,-1.85
2023-07-29 11:48:02,-1.96
2023-07-29 13:04:31,-1.89
2023-07-29 14:20:16,-1.91
2023-07-29 15:36:18,-1.99
2023-07-29 16:53:54,-1.73
2023-07-29 18:09:25,-1.72
2023-07-29 19:25:39,-1.85
2023-07-29 20:41:05,-2.02
2023-07-29 21:57:22,-2.00
2023-07-29 23:14:06,-1.87
2023-07-30 00:30:37,-1.74
2023-07-30 01:46:02,-1.89
2023-07-30 03:01:01,-2.07
2023-07-30 04:15:43,-1.94
2023-07-30 05:31:24,-1.80
2023-07-30 06:46:58,-1.81
2023-07-30 08:01:38,-2.09
2023-07-30 09:16:20,-2.05
2023-07-30 10:30:59,-1.92
2023-07-30 11:46:47,-1.82
2023-07-30 13:00:41,-1.83
2023-07-30 14:17:02,-2.10
2023-07-30 15:32:57,-2.07
2023-07-30 16:48:21,-1.98
2023-07-30 19:20:13,-1.91
2023-07-30 20:35:00,-2.12
2023-07-30 21:49:54,-1.85
2023-07-30 23:05:37,-1.83
2023-07-31 00:21:12,-1.89
2023-07-31 01:35:54,-2.00
2023-07-31 02:51:31,-2.07
2023-07-31 04:08:50,-2.05
2023-07-31 05:25:27,-2.13
2023-07-31 06:40:05,-1.93
2023-07-31 07:56:19,-1.82
2023-07-31 09:10:08,-2.09
2023-07-31 10:26:11,-1.86
2023-07-31 11:41:10,-1.97
2023-07-31 12:57:02,-2.10
2023-07-31 14:52:29,-2.15
2023-07-31 16:09:38,-2.05
2023-07-31 17:27:48,-1.98
2023-07-31 18:43:38,-1.98
2023-07-31 20:03:03,-1.96
2023-07-31 21:22:08,-2.03
2023-07-31 22:40:16,-2.16
2023-08-01 01:18:01,-2.22
2023-08-01 02:35:42,-2.07
2023-08-01 03:51:33,-1.98
2023-08-01 05:06:45,-2.07
2023-08-01 06:22:22,-2.24
2023-08-01 07:39:43,-2.18
2023-08-01 08:55:01,-2.02
2023-08-01 10:10:43,-2.27
2023-08-01 11:27:55,-2.08
2023-08-01 12:44:28,-2.13
2023-08-01 14:00:00,-1.97
2023-08-01 15:16:13,-2.61
2023-08-01 16:32:09,-2.47
2023-08-01 16:44:07,-2.30
2023-08-01 17:33:15,-2.25
2023-08-01 18:51:37,-2.20
2023-08-01 20:10:30,-1.92
2023-08-01 21:28:10,-2.03
2023-08-01 22:45:03,-1.72
2023-08-02 00:03:02,-1.75
2023-08-02 01:21:47,-1.37
2023-08-02 02:38:59,-1.50
2023-08-02 03:55:33,-1.12
2023-08-02 05:12:51,-1.23
2023-08-02 06:30:36,-0.908
2023-08-02 07:47:16,-0.912
2023-08-02 09:03:58,-0.578
2023-08-02 11:36:19,-0.707
2023-08-02 12:54:43,-0.389
2023-08-02 13:56:49,-0.1000
2023-08-02 14:43:32,-0.144
2023-08-02 17:56:54,-0.843
2023-08-02 19:08:08,-0.776
2023-08-02 20:19:45,-1.03
2023-08-02 21:30:19,-1.52
2023-08-02 22:43:19,-1.39
2023-08-02 23:55:09,-1.69
2023-08-03 01:08:01,-1.81
2023-08-03 02:20:43,-2.07
2023-08-03 03:32:15,-2.08
2023-08-03 04:44:23,-2.31
2023-08-03 05:56:15,-2.26
2023-08-03 07:07:25,-2.54
2023-08-03 08:20:12,-2.43
2023-08-03 09:32:44,-2.69
2023-08-03 10:44:49,-2.55
2023-08-03 11:56:39,-2.69
2023-08-03 12:03:18,-2.97
2023-08-03 12:07:42,-2.72
2023-08-03 12:51:34,-2.74
2023-08-03 13:35:12,-2.94
2023-08-03 14:19:09,-3.10
2023-08-03 14:31:49,-2.99
2023-08-03 15:42:19,-2.93
2023-08-03 16:53:45,-2.96
2023-08-03 18:05:07,-3.02
2023-08-03 19:17:43,-3.07
2023-08-03 20:30:04,-3.39
2023-08-03 21:41:18,-3.39
2023-08-03 22:53:26,-3.27
2023-08-04 00:06:22,-3.23
2023-08-04 01:17:36,-3.26
2023-08-04 02:29:44,-3.37
2023-08-04 03:41:05,-3.55
2023-08-04 04:52:25,-3.65
2023-08-04 06:04:08,-3.63
2023-08-04 07:16:46,-3.52
2023-08-04 08:27:37,-3.54
2023-08-04 09:38:45,-3.51
2023-08-04 10:50:32,-3.51
2023-08-04 12:03:01,-3.65
2023-08-04 13:13:53,-3.65
2023-08-04 14:24:41,-3.62
2023-08-04 15:35:34,-3.65
2023-08-04 16:47:34,-3.80
2023-08-04 17:58:38,-3.83
2023-08-04 19:11:10,-3.72
2023-08-04 20:22:23,-3.94
2023-08-04 21:34:00,-3.75
2023-08-04 22:44:48,-3.85
2023-08-04 23:39:20,-1.99
2023-08-05 00:29:19,0.0173
2023-08-05 01:19:22,1.26
2023-08-05 02:09:21,2.01
2023-08-05 02:59:19,2.92
2023-08-05 03:49:19,3.78
2023-08-05 04:39:19,4.58
2023-08-05 05:29:21,5.33
2023-08-05 06:19:25,6.07
2023-08-05 07:09:26,6.75
2023-08-05 07:59:29,7.37
2023-08-05 08:49:34,8.03
2023-08-05 09:39:31,8.64
2023-08-05 10:29:32,9.19
2023-08-05 11:19:35,9.79
2023-08-05 12:09:29,10.2
2023-08-05 12:59:25,10.2
2023-08-05 13:49:22,10.2
2023-08-05 14:39:18,10.2
2023-08-05 15:29:15,10.2
2023-08-05 16:19:15,12.5
2023-08-05 17:09:11,12.5
2023-08-05 17:59:03,13.5
2023-08-05 18:49:01,13.9
2023-08-05 19:38:57,14.2
2023-08-05 20:28:57,14.6
2023-08-05 21:18:55,15.0
2023-08-05 22:08:55,15.3
2023-08-05 22:58:55,15.7
2023-08-05 23:48:55,16.0
2023-08-06 00:38:49,16.3
2023-08-06 01:28:47,16.6
2023-08-06 02:18:44,17.0
2023-08-06 03:08:40,17.2
2023-08-06 03:58:33,17.5
2023-08-06 04:48:28,17.8
2023-08-06 05:38:26,18.0
2023-08-06 06:28:27,18.3
2023-08-06 07:18:23,18.5
2023-08-06 08:08:21,18.8
2023-08-06 08:58:17,19.1
2023-08-06 09:48:15,19.3
2023-08-06 10:38:11,19.5
2023-08-06 11:28:12,19.7
2023-08-06 12:18:11,19.9
2023-08-06 13:08:07,20.2
2023-08-06 13:58:03,20.4
2023-08-06 14:48:00,20.6
2023-08-06 15:37:56,20.8
2023-08-06 16:27:50,21.0
2023-08-06 17:17:46,21.2
2023-08-06 18:07:40,21.4
2023-08-06 18:57:41,21.5
2023-08-06 19:47:41,21.8
2023-08-06 20:37:35,21.9
2023-08-06 21:27:32,22.1
2023-08-06 22:17:24,22.2
2023-08-06 23:07:24,22.4
2023-08-06 23:57:21,22.6
2023-08-07 00:47:16,22.7
2023-08-07 01:37:16,22.9
2023-08-07 02:27:11,23.0
2023-08-07 03:17:05,23.2
2023-08-07 04:06:59,23.3
2023-08-07 04:57:03,23.5
2023-08-07 05:47:01,23.6
2023-08-07 06:36:58,23.7
2023-08-07 07:26:52,23.9
2023-08-07 08:16:50,24.0
2023-08-07 09:06:46,24.1
2023-08-07 09:56:40,24.2
2023-08-07 10:46:36,24.3
2023-08-07 11:36:30,24.5
2023-08-07 12:26:25,26.6
2023-08-07 13:16:14,26.5
2023-08-07 14:06:07,26.4
2023-08-07 14:56:06,26.3
2023-08-07 15:46:03,25.9
2023-08-07 16:35:56,25.8
2023-08-07 17:25:54,25.8
2023-08-07 18:15:52,25.8
2023-08-07 19:05:51,25.9
2023-08-07 19:55:46,25.9
2023-08-07 20:45:39,25.9
2023-08-07 21:35:33,26.0
2023-09-26 13:18:20,-2.26
2023-09-26 14:01:59,-1.71
2023-09-26 14:45:55,-1.13
2023-09-26 15:29:39,-0.844
2023-09-26 16:13:26,-0.632
2023-09-26 16:53:10,-0.163
2023-09-26 17:40:58,-0.342
2023-09-26 18:24:47,-0.485
2023-09-26 19:08:19,-0.696
2023-09-26 19:51:59,-1.03
2023-09-26 20:36:01,-0.760
2023-09-26 21:19:53,-0.770
2023-09-26 22:03:36,-1.29
2023-09-26 22:47:26,-1.04
2023-09-26 23:31:08,-1.03
2023-09-27 00:15:25,-1.01
2023-09-27 01:13:01,-1.29
2023-09-27 02:10:44,-1.57
2023-09-27 03:08:24,-1.44
2023-09-27 04:06:06,-1.39
2023-09-27 05:03:43,-1.36
2023-09-27 06:01:25,-1.42
2023-09-27 06:59:04,-1.39
2023-09-27 07:56:42,-1.38
2023-09-27 08:54:22,-1.45
2023-09-27 09:51:59,-1.69
2023-09-27 10:49:39,-1.52
2023-09-27 11:47:20,-1.75
2023-09-27 12:45:04,-1.52
2023-09-27 13:42:48,-1.89
2023-09-27 14:40:26,-1.65
2023-09-27 15:38:09,-1.63
2023-09-27 16:35:53,-1.63
2023-09-27 17:33:34,-1.63
2023-09-27 18:31:14,-1.72
2023-09-27 19:28:52,-2.09
2023-09-27 20:26:30,-2.07
2023-09-27 21:24:13,-1.80
2023-09-27 22:21:49,-2.07
2023-09-27 23:19:29,-1.88
2023-09-28 00:17:13,-1.74
2023-09-28 01:14:49,-1.80
2023-09-28 02:12:27,-1.82
2023-09-28 03:10:07,-1.83
2023-09-28 04:07:46,-1.97
2023-09-28 05:05:25,-2.06
2023-09-28 06:03:04,-2.04
2023-09-28 07:00:47,-2.08
2023-09-28 07:58:29,-2.12
2023-09-28 08:56:12,-2.15
2023-09-28 09:53:57,-2.07
2023-09-28 10:51:33,-2.25
2023-09-28 11:49:08,-1.90
2023-09-28 12:46:50,-2.20
2023-09-28 13:44:33,-1.98
2023-09-28 14:42:14,-2.05
2023-09-28 15:39:53,-1.95
2023-09-28 16:37:36,-2.20
2023-09-28 17:35:20,-2.11
2023-09-28 18:33:03,-2.01
2023-09-28 19:30:40,-2.31
2023-09-28 20:28:19,-1.97
2023-09-28 21:26:00,-1.99
2023-09-28 22:23:41,-1.94
2023-09-28 23:21:21,-1.96
2023-09-29 00:18:59,-1.98
2023-09-29 01:16:37,-1.98
2023-09-29 02:14:21,-2.00
2023-09-29 03:12:02,-2.05
2023-09-29 04:09:44,-2.24
2023-09-29 05:07:21,-2.08
2023-09-29 06:04:57,-2.20
2023-09-29 07:02:34,-2.16
2023-09-29 08:00:18,-2.18
2023-09-29 08:57:59,-2.17
2023-09-29 09:55:38,-2.20
2023-09-29 10:53:17,-2.32
2023-09-29 11:50:54,-2.39
2023-09-29 12:48:34,-2.32
2023-09-29 13:46:18,-2.17
2023-09-29 14:44:02,-2.09
2023-09-29 15:41:47,-2.14
2023-09-29 16:39:27,-2.20
2023-09-29 17:37:06,-2.29
2023-09-29 18:35:38,-2.44
2023-09-29 19:47:56,-2.29
2023-09-29 19:59:19,-2.19
2023-09-29 21:18:34,-2.22
2023-09-29 22:35:23,-2.45
2023-09-29 23:54:42,-2.32
2023-09-30 01:12:14,-2.26
2023-09-30 02:29:59,-2.21
2023-09-30 03:46:18,-2.27
2023-09-30 05:03:54,-2.30
2023-09-30 06:20:42,-2.49
2023-09-30 07:36:26,-2.19
2023-09-30 08:52:30,-2.22
2023-09-30 10:08:07,-2.28
2023-09-30 11:23:41,-2.34
2023-09-30 12:39:20,-2.33
2023-09-30 13:56:35,-2.35
2023-09-30 15:11:27,-2.31
2023-09-30 16:26:46,-2.27
2023-09-30 17:41:29,-2.27
2023-09-30 18:55:39,-2.35
2023-09-30 20:10:59,-2.28
2023-09-30 21:24:21,-2.47
2023-09-30 22:37:09,-2.35
2023-09-30 23:51:26,-2.31
2023-10-01 01:06:04,-2.17
2023-10-01 02:20:39,-2.13
2023-10-01 03:35:57,-2.02
2023-10-01 04:50:53,-2.02
2023-10-01 06:05:00,-2.17
2023-10-01 07:18:53,-2.03
2023-10-01 08:32:58,-1.92
2023-10-01 09:47:49,-2.08
2023-10-01 11:02:52,-1.77
2023-10-01 12:18:15,-1.61
2023-10-01 13:34:04,-1.77
2023-10-01 14:48:30,-1.54
2023-10-01 16:03:24,-1.46
2023-10-01 17:18:22,-1.23
2023-10-01 18:33:52,-491
2023-10-01 19:50:06,-1.22
2023-10-01 21:06:40,-1.06
2023-10-01 22:22:30,-0.747
2023-10-01 23:37:49,-0.826
2023-10-02 00:52:28,-0.596
2023-10-02 02:08:32,-0.655
2023-10-02 03:24:29,-0.840
2023-10-02 04:40:35,-0.332
2023-10-02 05:56:55,-0.460
2023-10-02 07:13:32,-0.191
2023-10-02 08:31:09,-0.577
2023-10-02 09:47:49,-0.0975
2023-10-02 11:02:53,0.0500
2023-10-02 12:00:22,0.0697
2023-10-02 12:38:58,-0.0440
2023-10-02 13:54:55,0.195
2023-10-02 15:08:43,0.174
2023-10-02 16:20:30,0.346
2023-10-02 17:30:20,0.927
2023-10-02 18:41:18,1.02
2023-10-02 19:54:22,0.963
2023-10-02 21:08:00,0.750
2023-10-02 22:20:45,1.09
2023-10-02 23:34:40,1.13
2023-10-03 00:47:41,1.12
2023-10-03 01:59:44,1.12
2023-10-03 03:13:03,1.11
2023-10-03 04:27:14,1.23
2023-10-03 05:40:29,1.18
2023-10-03 06:52:33,1.21
2023-10-03 08:06:52,0.827
2023-10-03 09:20:22,0.937
2023-10-03 10:32:42,0.995
2023-10-03 11:30:58,1.14
2023-10-03 12:16:39,1.06
2023-10-03 13:31:09,1.15
2023-10-03 14:46:18,1.15
2023-10-03 15:59:45,1.18
2023-10-03 17:13:38,1.24
2023-10-03 18:28:55,0.987
2023-10-03 19:44:39,0.859
2023-10-03 20:59:54,1.22
2023-10-03 22:13:48,1.11
2023-10-03 23:27:15,1.00
2023-10-04 00:42:22,1.34
2023-10-04 01:56:20,1.29
2023-10-04 03:11:15,1.38
2023-10-04 04:24:46,1.38
2023-10-04 05:40:12,1.39
2023-10-04 06:53:46,0.972
2023-10-04 08:09:05,1.44
2023-10-04 09:23:18,1.37
2023-10-04 10:38:35,1.45
2023-10-04 11:53:49,1.46
2023-10-04 13:10:35,1.48
2023-10-04 14:25:33,1.50
2023-10-04 15:41:47,1.01
2023-10-04 16:58:08,1.42
2023-10-04 17:40:35,1.31
2023-10-04 18:35:59,1.32
2023-10-04 19:53:34,1.50
2023-10-04 21:10:01,1.48
2023-10-04 22:26:44,1.13
2023-10-04 23:43:51,1.36
2023-10-05 01:00:28,1.27
2023-10-05 02:16:30,1.26
2023-10-05 03:32:47,1.54
2023-10-05 04:47:51,1.10
2023-10-05 06:05:05,1.57
2023-10-05 07:20:53,1.14
2023-10-05 08:37:05,1.59
2023-10-05 09:51:49,1.62
2023-10-05 11:08:59,1.62
2023-10-05 12:25:24,1.26
2023-10-05 13:46:05,2.24
2023-10-05 14:42:09,1.82
2023-10-05 16:02:25,1.54
2023-10-05 17:22:50,1.41
2023-10-05 18:44:12,0.998
2023-10-05 20:07:46,0.503
2023-10-05 21:33:03,0.688
2023-10-05 22:56:55,0.364
2023-10-06 00:22:05,0.486
2023-10-06 01:48:33,0.319
2023-10-06 03:15:54,0.269
2023-10-06 04:40:15,0.124
2023-10-06 06:07:30,0.00582
2023-10-06 07:32:12,-0.0949
2023-10-06 08:57:34,-0.401
2023-10-06 10:23:59,-0.639
2023-10-06 11:48:31,-0.418
2023-10-06 13:12:48,-0.570
2023-10-06 14:40:33,-0.698
2023-10-06 15:06:13,-1.000
2023-10-06 15:52:24,-0.644
2023-10-06 17:18:26,-1.07
2023-10-06 18:44:20,-0.763
2023-10-06 20:10:31,-0.877
2023-10-06 21:34:41,-1.28
2023-10-06 23:00:29,-1.30
2023-10-07 00:24:39,-1.07
2023-10-07 01:48:45,-1.39
2023-10-07 03:12:12,-1.11
2023-10-07 04:34:30,-1.17
2023-10-07 05:56:44,-1.34
2023-10-07 07:19:46,-1.50
2023-10-07 08:42:16,-1.31
2023-10-07 10:03:12,-1.41
2023-10-07 11:23:37,-1.51
2023-10-07 12:43:47,-1.34
2023-10-07 13:41:22,-1.68
2023-10-07 14:34:26,-1.63
2023-10-07 15:21:47,-1.35
2023-10-07 16:41:32,-1.47
2023-10-07 18:01:57,-1.71
2023-10-07 19:20:04,-1.68
2023-10-07 20:39:10,-1.59
2023-10-07 21:57:30,-1.54
2023-10-07 23:16:58,-1.57
2023-10-08 00:35:11,-1.55
2023-10-08 01:51:51,-1.56
2023-10-08 03:11:42,-1.89
2023-10-08 04:30:14,-1.76
2023-10-08 05:49:14,-1.72
2023-10-08 07:07:28,-1.69
2023-10-08 08:26:45,-1.92
2023-10-08 09:46:09,-1.82
2023-10-08 11:06:53,-1.73
2023-10-08 12:27:51,-2.07
2023-10-08 12:53:58,-1.59
2023-10-08 14:06:51,-1.78
2023-10-08 15:25:59,-2.08
2023-10-08 16:44:37,-1.84
2023-10-08 18:03:15,-2.00
2023-10-08 19:22:48,-1.85
2023-10-08 20:42:56,-1.84
2023-10-08 21:59:32,-2.08
2023-10-08 23:18:47,-1.91
2023-10-09 00:36:21,-2.12
2023-10-09 01:52:27,-2.25
2023-10-09 08:38:49,-2.26
2023-10-09 09:55:59,-2.18
2023-10-09 11:13:42,-2.26
2023-10-09 12:01:52,-2.09
2023-10-09 12:48:40,-2.16
2023-10-09 14:06:31,-2.14
2023-10-09 15:23:43,-2.09
2023-10-09 16:42:32,-2.45
2023-10-09 18:02:57,-2.29
2023-10-09 19:20:13,-2.29
2023-10-09 20:39:02,-2.47
2023-10-09 21:59:48,-2.22
2023-10-09 23:19:49,-2.49
2023-10-10 00:40:40,-2.26
2023-10-10 02:00:08,-2.49
2023-10-10 03:19:13,-2.24
2023-10-10 04:38:50,-2.57
2023-10-10 05:56:49,-2.34
2023-10-10 07:14:39,-2.28
2023-10-10 08:33:18,-2.59
2023-10-10 09:50:16,-2.73
2023-10-10 10:52:43,-2.48
2023-10-10 14:03:51,-2.58
2023-10-10 15:13:50,-2.73
2023-10-10 16:23:43,-2.72
2023-10-10 16:41:00,-2.62
2023-10-10 17:25:10,-2.71
2023-10-10 18:08:54,-2.62
2023-10-10 18:45:27,-2.44
2023-10-10 19:32:17,-2.79
2023-10-10 20:18:57,-2.52
2023-10-10 21:05:29,-2.45
2023-10-10 21:51:47,-2.59
2023-10-10 22:38:25,-2.71
2023-10-10 23:24:52,-2.61
2023-10-11 00:11:36,-2.36
2023-10-11 00:58:14,-2.59
2023-10-11 01:44:41,-2.52
2023-10-11 02:31:19,-2.39
2023-10-11 03:18:01,-2.38
2023-10-11 04:04:32,-2.63
2023-10-11 04:51:21,-2.44
2023-10-11 05:57:37,-2.39
2023-10-11 06:44:21,-2.41
2023-10-11 07:31:02,-2.69
2023-10-11 08:17:43,-2.43
2023-10-11 09:39:06,-2.46
2023-10-11 10:25:34,-2.66
2023-10-11 11:12:01,-2.60
2023-10-11 11:58:37,-2.42
2023-10-11 12:14:23,-2.56
2023-10-11 14:03:52,-2.42
2023-10-11 14:52:20,-2.48
2023-10-11 15:41:01,-2.58
2023-10-11 16:29:27,-2.75
2023-10-11 17:18:23,-2.74
2023-10-11 18:07:00,-2.53
2023-10-11 18:55:19,-2.51
2023-10-11 19:44:01,-2.86
2023-10-11 20:32:46,-2.51
2023-10-11 21:20:56,-2.85
2023-10-11 22:09:21,-2.56
2023-10-11 22:57:45,-2.50
2023-10-11 23:46:10,-2.74
2023-10-12 00:34:38,-2.79
2023-10-12 01:23:04,-2.81
2023-10-12 02:11:30,-2.79
2023-10-12 02:59:58,-2.72
2023-10-12 03:48:34,-2.58
2023-10-12 04:37:09,-2.53
2023-10-12 05:25:49,-2.83
2023-10-12 06:14:17,-2.68
2023-10-12 07:02:36,-2.58
2023-10-12 07:51:26,-2.83
2023-10-12 08:40:07,-2.60
2023-10-12 09:28:36,-2.52
2023-10-12 10:17:15,-2.69
2023-10-12 11:05:45,-2.57
2023-10-12 11:41:13,-2.58
2023-10-12 12:30:31,-2.81
2023-10-12 13:19:49,-2.61
2023-10-12 14:18:21,-2.54
2023-10-12 15:07:12,-2.83
2023-10-12 15:56:15,-2.57
2023-10-12 16:45:03,-2.84
2023-10-12 19:18:50,-2.57
2023-10-12 19:40:58,-2.57
2023-10-12 20:30:36,-2.78
2023-10-12 21:20:02,-2.64
2023-10-12 22:09:27,-2.77
2023-10-12 22:58:51,-2.74
2023-10-12 23:48:17,-2.74
2023-10-13 00:37:53,-2.63
2023-10-13 01:27:26,-2.72
2023-10-13 02:16:57,-2.66
2023-10-13 03:06:25,-2.65
2023-10-13 03:55:55,-2.94
2023-10-13 04:45:27,-2.66
2023-10-13 05:34:57,-2.72
2023-10-13 06:24:31,-2.92
2023-10-13 07:14:15,-2.64
2023-10-13 08:03:47,-2.76
2023-10-13 08:53:16,-2.93
2023-10-13 09:42:49,-2.65
2023-10-13 10:32:24,-2.70
2023-10-13 11:22:04,-2.92
2023-10-13 12:11:53,-2.64
2023-10-13 13:01:43,-2.95
2023-10-13 13:51:13,-2.99
2023-10-13 14:40:57,-2.64
2023-10-13 15:30:47,-2.81
2023-10-13 16:20:29,-2.75
2023-10-13 17:10:05,-2.74
2023-10-13 17:59:45,-2.75
2023-10-13 18:49:22,-2.81
2023-10-13 19:39:10,-2.73
2023-10-13 20:28:46,-2.85
2023-10-13 21:18:23,-2.90
2023-10-13 22:07:57,-2.90
2023-10-13 22:57:37,-2.79
2023-10-13 23:47:26,-2.86
2023-10-14 00:36:52,-2.78
2023-10-14 01:26:35,-2.73
2023-10-14 02:16:10,-2.94
2023-10-14 03:05:44,-3.07
2023-10-14 03:55:18,-2.91
2023-10-14 04:45:00,-2.81
2023-10-14 05:34:41,-2.77
2023-10-14 06:24:23,-2.82
2023-10-14 07:14:05,-3.21
2023-10-14 08:03:42,-3.07
2023-10-14 08:53:17,-2.87
2023-10-14 09:42:58,-2.83
2023-10-14 10:32:32,-2.80
2023-10-14 11:22:05,-2.97
2023-10-14 12:11:38,-3.09
2023-10-14 13:14:07,-2.87
2023-10-14 14:03:20,-2.83
2023-10-14 14:52:20,-2.79
2023-10-14 15:41:27,-2.95
2023-10-14 16:30:34,-3.15
2023-10-14 17:19:39,-2.97
2023-10-14 18:08:40,-2.84
2023-10-14 18:57:39,-2.82
2023-10-14 19:46:42,-3.17
2023-10-14 20:35:29,-3.02
2023-10-14 21:24:32,-2.92
2023-10-14 22:13:31,-2.87
2023-10-14 23:02:18,-2.85
2023-10-14 23:51:18,-3.01
2023-10-15 00:40:14,-3.19
2023-10-15 01:29:11,-3.07
2023-10-15 02:18:13,-2.97
2023-10-15 03:07:18,-2.92
2023-10-15 03:56:16,-2.89
2023-10-15 04:45:17,-2.89
2023-10-15 05:34:23,-3.14
2023-10-15 06:23:20,-3.20
2023-10-15 07:12:30,-3.05
2023-10-15 08:01:20,-2.97
2023-10-15 08:50:20,-3.12
2023-10-15 09:39:13,-2.92
2023-10-15 10:28:05,-3.13
2023-10-15 11:17:00,-3.26
2023-10-15 12:06:01,-3.11
2023-10-15 12:55:14,-2.98
2023-10-15 13:44:20,-2.96
2023-10-15 14:33:16,-2.95
2023-10-15 15:22:20,-3.28
2023-10-15 16:11:20,-3.15
2023-10-15 17:00:26,-3.06
2023-10-15 17:49:22,-3.00
2023-10-15 18:38:08,-2.94
2023-10-15 19:27:03,-3.18
2023-10-15 20:16:02,-3.27
2023-10-15 21:05:06,-3.06
2023-10-15 21:54:01,-3.01
2023-10-15 22:42:37,-3.27
2023-10-15 23:31:25,-3.09
2023-10-16 00:20:31,-2.95
2023-10-16 01:09:22,-3.04
2023-10-16 01:58:17,-3.17
2023-10-16 03:36:43,-3.01
2023-10-16 04:25:55,-3.14
2023-10-16 05:14:54,-2.94
2023-10-16 06:03:59,-3.20
2023-10-16 06:52:51,-3.11
2023-10-16 07:41:52,-2.97
2023-10-16 08:31:02,-3.26
2023-10-16 09:20:00,-3.00
2023-10-16 10:09:09,-2.97
2023-10-16 10:58:19,-3.25
2023-10-16 11:47:12,-3.05
2023-10-16 12:36:11,-3.38
2023-10-16 12:43:01,-3.11
2023-10-16 12:45:09,-3.00
2023-10-16 13:30:47,-3.24
2023-10-16 14:16:22,-3.03
2023-10-16 15:02:11,-2.96
2023-10-16 15:47:42,-3.28
2023-10-16 16:33:24,-3.05
2023-10-16 17:19:09,-2.97
2023-10-16 18:04:49,-3.27
2023-10-16 18:50:31,-3.02
2023-10-16 19:36:07,-3.31
2023-10-16 20:21:55,-2.93
2023-10-16 21:07:37,-3.02
2023-10-16 21:53:23,-3.08
2023-10-16 22:39:22,-3.01
2023-10-16 23:25:14,-3.16
2023-10-17 00:11:10,-3.21
2023-10-17 00:56:59,-3.24
2023-10-17 01:42:40,-3.23
2023-10-17 02:28:29,-3.29
2023-10-17 03:14:21,-3.25
2023-10-17 04:00:17,-3.20
2023-10-17 04:46:11,-3.19
2023-10-17 05:31:59,-3.27
2023-10-17 06:17:53,-3.27
2023-10-17 07:03:39,-3.25
2023-10-17 07:49:23,-3.24
2023-10-17 08:35:12,-3.19
2023-10-17 09:20:57,-3.25
2023-10-17 10:06:40,-3.27
2023-10-17 10:52:22,-3.28
2023-10-17 11:56:51,-2.86
2023-10-17 12:47:07,-2.87
2023-10-17 13:41:40,-2.96
2023-10-17 15:01:36,-3.50
2023-10-17 15:41:19,-2.57
2023-10-17 16:21:08,-3.19
2023-10-17 17:00:58,-2.92
2023-10-17 17:40:41,-3.13
2023-10-17 18:20:39,-2.99
2023-10-17 19:00:19,-2.95
2023-10-17 19:40:11,-3.09
2023-10-17 20:20:01,-2.89
2023-10-17 20:59:48,-2.86
2023-10-17 21:39:40,-3.13
2023-10-17 22:19:32,-2.93
2023-10-17 22:59:12,-2.86
2023-10-17 23:38:57,-3.25
2023-10-18 00:18:43,-2.77
2023-10-18 00:58:33,-2.91
2023-10-18 01:38:18,-3.09
2023-10-18 02:17:59,-2.80
2023-10-18 02:57:45,-2.92
2023-10-18 03:37:37,-2.91
2023-10-18 04:17:17,-2.80
2023-10-18 04:57:00,-3.13
2023-10-18 05:36:48,-2.72
2023-10-18 06:16:32,-2.87
2023-10-18 06:56:16,-2.74
2023-10-18 07:36:07,-2.78
2023-10-18 08:15:56,-3.08
2023-10-18 08:55:47,-2.71
2023-10-18 09:35:43,-2.99
2023-10-18 10:15:35,-2.69
2023-10-18 10:55:29,-2.88
2023-10-18 11:35:19,-2.71
2023-10-18 12:15:17,-2.73
2023-10-18 12:55:00,-3.04
2023-10-18 13:34:45,-2.71
2023-10-18 14:14:44,-2.78
2023-10-18 14:54:26,-3.05
2023-10-18 15:34:11,-2.74
2023-10-18 16:13:55,-3.06
2023-10-18 16:53:31,-2.73
2023-10-18 17:36:47,-2.82
2023-10-18 18:29:32,-2.77
2023-10-18 19:10:26,-2.78
2023-10-18 19:51:21,-3.06
2023-10-18 20:32:20,-3.08
2023-10-18 21:13:22,-2.97
2023-10-18 21:54:18,-3.05
2023-10-18 22:35:28,-3.08
2023-10-18 23:16:28,-3.07
2023-10-18 23:57:22,-2.84
2023-10-19 00:38:28,-2.79
2023-10-19 01:19:21,-2.70
2023-10-19 02:00:16,-3.09
2023-10-19 02:41:07,-2.91
2023-10-19 03:22:03,-2.82
2023-10-19 04:03:05,-2.75
2023-10-19 04:43:53,-3.08
2023-10-19 05:24:50,-2.82
2023-10-19 06:05:46,-2.78
2023-10-19 06:46:47,-2.99
2023-10-19 07:27:44,-2.83
2023-10-19 08:08:54,-3.00
2023-10-19 08:49:56,-2.96
2023-10-19 09:30:49,-2.79
2023-10-19 10:11:44,-3.14
2023-10-19 10:52:39,-2.82
2023-10-19 11:33:32,-2.79
2023-10-19 12:14:38,-3.00
2023-10-19 15:38:07,-3.21
2023-10-19 16:19:38,-2.97
2023-10-19 17:01:18,-2.85
2023-10-19 17:42:35,-3.12
2023-10-19 18:23:52,-2.82
2023-10-19 19:05:36,-2.97
2023-10-19 19:47:04,-2.90
2023-10-19 20:28:38,-2.94
2023-10-19 21:10:04,-2.84
2023-10-19 21:51:35,-2.94
2023-10-19 22:33:02,-2.92
2023-10-19 23:14:22,-2.95
2023-10-19 23:56:02,-2.75
2023-10-20 00:37:26,-3.13
2023-10-20 01:19:00,-2.88
2023-10-20 02:00:34,-3.11
2023-10-20 02:42:12,-2.90
2023-10-20 03:23:38,-3.12
2023-10-20 04:05:07,-2.90
2023-10-20 04:46:35,-3.14
2023-10-20 05:28:08,-2.95
2023-10-20 06:09:25,-2.88
2023-10-20 06:51:10,-3.07
2023-10-20 07:32:49,-2.90
2023-10-20 08:55:19,-2.93
2023-10-20 09:36:38,-3.04
2023-10-20 10:18:26,-3.00
2023-10-20 10:59:51,-2.89
2023-10-20 11:41:35,-3.10
2023-10-20 12:23:06,-2.90
2023-10-20 13:04:39,-3.07
2023-10-20 13:46:18,-2.89
2023-10-20 14:27:45,-3.07
2023-10-20 14:59:24,-3.28
2023-10-20 15:40:10,-3.03
2023-10-20 16:20:59,-3.18
2023-10-20 17:01:49,-3.11
2023-10-20 17:42:45,-2.99
2023-10-20 18:23:31,-3.24
2023-10-20 19:04:20,-3.14
2023-10-20 19:45:04,-2.96
2023-10-20 20:25:51,-3.10
2023-10-20 21:06:42,-3.12
2023-10-20 21:47:40,-3.03
2023-10-20 22:28:26,-3.29
2023-10-20 23:09:11,-3.06
2023-10-20 23:49:53,-3.20
2023-10-21 00:30:46,-3.15
2023-10-21 01:11:36,-2.93
2023-10-21 01:52:23,-3.26
2023-10-21 02:33:07,-3.23
2023-10-21 03:13:57,-3.01
2023-10-21 03:54:42,-3.17
2023-10-21 04:35:28,-3.30
2023-10-21 05:16:16,-3.02
2023-10-21 05:56:59,-3.07
2023-10-21 06:37:39,-3.27
2023-10-21 07:18:29,-3.52
2023-10-21 07:59:14,-3.06
2023-10-21 08:40:03,-3.08
2023-10-21 09:20:45,-3.17
2023-10-21 10:01:46,-3.22
2023-10-21 10:42:35,-3.09
2023-10-21 11:23:18,-3.35
2023-10-21 12:04:05,-3.04
2023-10-21 12:44:54,-3.18
2023-10-21 13:25:41,-3.31
2023-10-21 14:06:31,-3.02
2023-10-21 14:47:21,-3.05
2023-10-21 15:28:06,-3.37
2023-10-21 16:08:56,-3.04
2023-10-21 16:49:47,-3.05
2023-10-21 17:30:33,-3.37
2023-10-21 18:11:19,-3.04
2023-10-21 18:52:12,-3.10
2023-10-21 19:32:51,-3.33
2023-10-21 20:13:38,-2.73
2023-10-21 20:54:34,-3.10
2023-10-21 21:35:21,-3.33
2023-10-21 22:16:04,-3.00
2023-10-21 22:56:44,-3.19
2023-10-21 23:37:31,-3.10
2023-10-22 00:18:17,-3.05
2023-10-22 00:59:06,-3.18
2023-10-22 01:39:45,-3.36
2023-10-22 02:20:29,-3.10
2023-10-22 03:01:17,-3.01
2023-10-22 03:41:57,-3.19
2023-10-22 04:22:44,-3.34
2023-10-22 05:03:28,-3.11
2023-10-22 05:44:21,-3.01
2023-10-22 06:25:07,-3.07
2023-10-22 07:05:56,-3.19
2023-10-22 07:46:46,-3.35
2023-10-22 08:27:29,-2.98
2023-10-22 09:08:17,-3.08
2023-10-22 09:49:00,-3.17
2023-10-22 10:29:44,-3.26
2023-10-22 11:10:27,-3.12
2023-10-22 11:51:13,-3.04
2023-10-22 12:32:00,-3.08
2023-10-22 13:12:46,-3.26
2023-10-22 13:53:43,-3.33
2023-10-22 14:34:34,-3.01
2023-10-22 15:15:21,-3.01
2023-10-22 15:56:12,-3.06
2023-10-22 16:36:55,-3.29
2023-10-22 17:17:43,-3.18
2023-10-22 17:58:28,-2.95
2023-10-22 18:39:22,-3.01
2023-10-22 19:20:16,-3.22
2023-10-22 20:01:03,-3.20
2023-10-22 20:41:53,-2.95
2023-10-22 21:22:34,-3.00
2023-10-22 22:03:13,-3.28
2023-10-22 22:44:00,-3.16
2023-10-22 23:24:53,-2.98
2023-10-23 00:05:48,-3.02
2023-10-23 00:46:31,-3.20
2023-10-23 01:27:19,-3.05
2023-10-23 02:08:13,-3.00
2023-10-23 02:49:05,-3.07
2023-10-23 03:29:53,-3.24
2023-10-23 04:10:43,-2.96
2023-10-23 04:51:27,-2.97
2023-10-23 05:32:14,-3.23
2023-10-23 06:12:56,-3.07
2023-10-23 06:53:48,-2.99
2023-10-23 07:34:40,-3.10
2023-10-23 08:15:29,-3.26
2023-10-23 08:56:06,-3.00
2023-10-23 09:36:51,-3.05
2023-10-23 10:17:36,-3.24
2023-10-23 10:58:25,-3.13
2023-10-23 11:39:09,-2.98
2023-10-23 12:19:50,-3.31
2023-10-23 13:00:29,-3.17
2023-10-23 13:41:18,-3.10
2023-10-23 14:02:59,-3.40
2023-10-23 14:42:06,-3.27
2023-10-23 15:21:23,-3.12
2023-10-23 16:00:35,-3.10
2023-10-23 16:39:46,-3.10
2023-10-23 17:19:03,-3.10
2023-10-23 17:58:09,-3.01
2023-10-23 18:37:24,-3.02
2023-10-23 19:16:29,-3.02
2023-10-23 19:55:28,-3.15
2023-10-23 22:15:54,-3.35
2023-10-23 22:55:13,-3.09
2023-10-24 17:50:49,-3.30
2023-10-24 18:32:01,-3.29
2023-10-24 19:13:40,-3.16
2023-10-24 19:55:00,-3.48
2023-10-24 20:36:35,-3.31
2023-10-24 21:17:48,-3.19
2023-10-24 21:59:07,-3.44
2023-10-24 22:40:22,-3.12
2023-10-24 23:21:46,-3.29
2023-10-25 00:03:22,-3.30
2023-10-25 00:45:02,-3.21
2023-10-25 01:26:28,-3.30
2023-10-25 02:07:44,-3.40
2023-10-25 02:49:13,-3.20
2023-10-25 03:30:39,-3.37
2023-10-25 04:12:07,-3.19
2023-10-25 04:53:38,-3.23
2023-10-25 05:35:11,-3.47
2023-10-25 06:16:43,-3.15
2023-10-25 06:58:09,-3.20
2023-10-26 01:34:58,-3.16
2023-10-26 02:30:26,-3.20
2023-10-26 03:25:56,-2.96
2023-10-26 04:21:22,-3.14
2023-10-26 05:16:40,-3.06
2023-10-26 06:12:07,-3.02
2023-10-26 07:07:35,-3.06
2023-10-26 08:02:59,-2.86
2023-10-26 08:58:26,-2.88
2023-10-26 09:53:54,-2.89
2023-10-26 12:46:06,-2.58
2023-10-26 13:41:30,-2.88
2023-10-26 14:36:49,-2.59
2023-10-26 15:11:20,-2.57
2023-10-26 15:13:42,-2.77
2023-10-26 15:47:49,-2.23
2023-10-26 15:50:52,-2.18
2023-10-26 16:35:02,-2.49
2023-10-26 17:19:29,-2.77
2023-10-26 18:03:50,-2.53
2023-10-26 18:48:21,-2.51
2023-10-26 19:32:57,-2.81
2023-10-26 20:17:27,-2.47
2023-10-26 21:01:41,-2.51
2023-10-26 21:46:01,-2.59
2023-10-26 22:30:26,-2.69
2023-10-26 23:14:40,-2.54
2023-10-26 23:58:58,-2.47
2023-10-27 00:43:41,-2.39
2023-10-27 01:28:12,-2.31
2023-10-27 02:12:47,-2.39
2023-10-27 02:57:17,-2.69
2023-10-27 03:41:27,-2.44
2023-10-27 09:13:38,-2.23
2023-10-27 09:21:29,-2.49
2023-10-27 10:06:05,-2.56
2023-10-27 10:50:29,-2.26
2023-10-27 11:34:53,-2.50
2023-10-27 12:19:20,-2.50
2023-10-27 13:06:20,-2.55
2023-10-27 14:08:08,-2.40
2023-10-27 14:52:49,-2.99
2023-10-27 15:37:31,-2.85
2023-10-27 16:22:24,-3.01
2023-10-27 17:07:06,-2.66
2023-10-27 17:51:55,-2.81
2023-10-27 18:36:45,-2.65
2023-10-27 19:21:38,-2.48
2023-10-27 20:06:27,-2.09
2023-10-27 22:04:51,-1.37
2023-10-27 22:49:46,-1.33
2023-10-27 23:19:59,-1.39
2023-10-28 00:04:51,-1.58
2023-10-28 00:49:45,-1.44
2023-10-28 01:34:28,-1.29
2023-10-28 02:19:21,-1.21
2023-10-28 03:04:11,-0.951
2023-10-28 03:49:00,-1.01
2023-10-28 04:33:53,-0.871
2023-10-28 05:18:43,-0.850
2023-10-28 06:03:31,-0.795
2023-10-28 06:48:19,-0.788
2023-10-28 07:33:08,-0.854
2023-10-28 08:18:00,-0.692
2023-10-28 09:02:45,-0.673
2023-10-28 09:47:38,-0.689
2023-10-28 10:32:32,-0.685
2023-10-28 11:17:21,-0.580
2023-10-28 12:02:06,-0.554
2023-10-28 12:40:29,-0.858
2023-10-28 13:25:24,-0.654
2023-10-28 14:10:18,-0.874
2023-10-28 14:55:08,-1.13
2023-10-28 15:40:00,-1.19
2023-10-28 16:24:55,-1.06
2023-10-28 17:09:48,-0.890
2023-10-28 17:54:43,-1.02
2023-10-28 18:39:37,-1.21
2023-10-28 19:24:30,-1.15
2023-10-28 20:09:24,-1.18
2023-10-28 20:54:18,-1.22
2023-10-28 21:39:10,-1.23
2023-10-28 22:24:07,-1.46
2023-10-28 23:09:00,-1.60
2023-10-28 23:53:54,-1.62
2023-10-29 00:38:45,-1.56
2023-10-29 01:23:40,-1.48
2023-10-29 02:08:35,-1.52
2023-10-29 02:53:29,-1.57
2023-10-29 02:38:16,-1.59
2023-10-29 03:08:03,-1.78
2023-10-29 03:23:07,-1.69
2023-10-29 03:52:53,-1.88
2023-10-29 04:37:48,-1.99
2023-10-29 05:22:38,-2.00
2023-10-29 06:07:28,-2.00
2023-10-29 06:52:22,-1.96
2023-10-29 07:37:16,-1.87
2023-10-29 08:22:10,-1.90
2023-10-29 09:07:02,-1.91
2023-10-29 09:51:52,-2.01
2023-10-29 10:36:47,-1.97
2023-10-29 11:21:37,-1.96
2023-10-29 12:06:32,-2.07
2023-10-29 12:50:05,-2.18
2023-10-29 13:34:54,-2.09
2023-10-29 14:19:44,-1.98
2023-10-29 15:49:24,-2.07
2023-10-29 16:34:17,-1.88
2023-10-29 17:19:07,-1.86
2023-10-29 18:03:51,-1.94
2023-10-29 18:48:40,-1.94
2023-10-29 19:33:34,-1.94
2023-10-29 20:18:27,-2.02
2023-10-29 21:03:09,-2.09
2023-10-29 21:48:04,-2.28
2023-10-29 22:32:53,-2.26
2023-10-29 23:17:37,-2.32
2023-10-30 00:02:27,-2.28
2023-10-30 00:47:13,-1.89
2023-10-30 01:32:06,-1.85
2023-10-30 02:17:00,-1.88
2023-10-30 03:01:54,-2.31
2023-10-30 03:46:44,-2.00
2023-10-30 04:31:33,-1.93
2023-10-30 05:16:23,-2.36
2023-10-30 06:01:16,-2.12
2023-10-30 06:46:09,-1.96
2023-10-30 07:31:03,-2.25
2023-10-30 08:15:51,-2.16
2023-10-30 09:00:44,-2.14
2023-10-30 09:45:25,-1.99
2023-10-30 17:57:35,-2.22
2023-10-30 18:41:43,-2.09
2023-10-30 19:26:07,-2.18
2023-10-30 20:10:17,-2.25
2023-10-30 20:54:38,-2.06
2023-10-30 21:38:53,-2.12
2023-10-30 22:23:07,-2.41
2023-10-30 23:07:23,-2.09
2023-10-30 23:51:37,-2.16
2023-10-31 00:35:42,-2.58
2023-10-31 01:19:57,-2.07
2023-10-31 02:04:11,-2.23
2023-10-31 02:48:27,-2.09
2023-10-31 03:32:36,-2.10
2023-10-31 04:16:50,-2.19
2023-10-31 05:00:50,-2.21
2023-10-31 05:45:02,-2.24
2023-10-31 06:29:33,-2.33
2023-10-31 07:13:41,-2.27
2023-10-31 07:57:48,-2.31
2023-10-31 08:42:10,-2.32
2023-10-31 13:55:23,-2.16
2023-10-31 14:49:49,-2.17
2023-10-31 15:03:11,-2.28
2023-10-31 16:29:38,-2.09
2023-10-31 17:57:30,-2.11
2023-10-31 18:38:46,-2.09
2023-10-31 20:05:52,-2.34
2023-10-31 21:30:57,-2.12
2023-10-31 22:58:21,-2.15
2023-11-01 00:27:17,-2.42
2023-11-01 01:54:19,-2.12
2023-11-01 03:19:36,-2.26
2023-11-01 04:46:15,-2.44
2023-11-01 06:10:21,-2.31
2023-11-01 07:36:35,-2.37
2023-11-01 09:03:40,-2.38
2023-11-01 10:28:32,-2.64
2023-11-01 11:53:18,-2.48
2023-11-01 13:17:27,-2.78
2023-11-01 14:16:53,-2.62
2023-11-01 14:52:43,-2.86
2023-11-01 16:16:43,-2.93
2023-11-01 17:42:05,-2.69
2023-11-01 19:06:45,-2.71
2023-11-01 20:30:02,-2.75
2023-11-01 21:56:15,-2.74
2023-11-01 23:20:27,-3.36
2023-11-02 00:43:34,-3.15
2023-11-02 02:06:16,-2.87
2023-11-02 03:30:50,-2.91
2023-11-02 04:55:21,-3.03
2023-11-02 06:19:33,-3.08
2023-11-02 07:44:24,-3.20
2023-11-02 09:07:23,-3.05
2023-11-02 10:32:21,-3.16
2023-11-02 11:56:14,-3.36
2023-11-02 12:34:40,-3.37
2023-11-02 12:58:37,-3.38
2023-11-02 14:22:21,-3.36
2023-11-02 15:46:46,-3.20
2023-11-02 17:10:13,-3.18
2023-11-02 18:33:36,-3.51
2023-11-02 19:57:01,-3.24
2023-11-02 21:18:15,-3.25
2023-11-02 22:39:33,-3.28
2023-11-03 00:01:35,-3.55
2023-11-03 01:20:44,-3.34
2023-11-03 02:42:08,-3.33
2023-11-03 04:01:33,-3.38
2023-11-03 05:20:31,-3.12
2023-11-03 06:40:57,-3.60
2023-11-03 07:58:28,-3.42
2023-11-03 09:18:29,-3.31
2023-11-03 10:37:35,-3.59
2023-11-03 11:55:33,-3.45
2023-11-03 13:14:43,-3.38
2023-11-03 14:32:38,-3.63
2023-11-03 15:52:55,-3.39
2023-11-03 17:12:10,-3.49
2023-11-03 18:33:02,-3.67
2023-11-03 19:54:23,-3.48
2023-11-03 20:52:51,-3.70
2023-11-03 22:15:00,-3.57
2023-11-03 23:37:24,-3.47
2023-11-04 01:00:12,-3.68
2023-11-04 02:22:43,-3.50
2023-11-04 03:45:32,-3.68
2023-11-04 05:07:04,-3.48
2023-11-04 06:30:16,-3.74
2023-11-04 07:53:32,-3.50
2023-11-04 09:15:06,-3.81
2023-11-04 10:37:54,-3.45
2023-11-04 12:00:37,-3.77
2023-11-04 13:25:02,-3.57
2023-11-04 14:28:01,-3.53
2023-11-04 14:30:03,-3.50
2023-11-04 15:53:30,-3.77
2023-11-04 17:17:35,-3.50
2023-11-04 18:40:47,-3.78
2023-11-04 20:03:15,-3.45
2023-11-04 21:25:16,-3.78
2023-11-04 22:45:27,-3.57
2023-11-05 00:07:48,-3.49
2023-11-05 01:30:11,-3.61
2023-11-05 02:52:37,-3.71
2023-11-05 04:13:45,-3.97
2023-11-05 05:36:47,-3.74
2023-11-05 06:59:11,-3.55
2023-11-05 08:20:21,-3.57
2023-11-05 09:41:24,-3.68
2023-11-05 11:01:59,-3.80
2023-11-05 12:22:22,-999
2023-11-05 13:44:10,-3.57
2023-11-05 15:05:22,-3.73
2023-11-05 16:25:17,-3.60
2023-11-05 17:45:50,-3.82
2023-11-05 19:07:23,-3.57
2023-11-05 20:30:14,-3.54
2023-11-05 21:51:57,-3.54
2023-11-05 23:15:56,-3.50
2023-11-06 00:39:24,-3.74
2023-11-06 02:00:08,-3.55
2023-11-06 03:23:06,-3.70
2023-11-06 04:47:51,-3.79
2023-11-06 06:10:34,-3.51
2023-11-06 07:33:58,-3.57
2023-11-06 08:57:25,-3.68
2023-11-06 10:21:55,-3.72
2023-11-06 11:43:00,-3.75
2023-11-06 13:06:45,-3.50
2023-11-06 14:29:54,-3.64
2023-11-06 15:53:19,-3.50
2023-11-06 17:17:29,-3.60
2023-11-06 17:45:36,-3.53
2023-11-06 19:11:00,-3.63
2023-11-06 20:36:00,-3.53
2023-11-06 22:02:02,-3.69
2023-11-06 22:05:15,-3.54
2023-11-06 23:25:17,-3.68
2023-11-07 00:44:50,-3.85
2023-11-07 02:05:56,-3.85
2023-11-07 03:28:05,-3.61
2023-11-07 08:11:57,-3.63
2023-11-07 09:34:18,-3.62
2023-11-07 11:13:35,-3.72
2023-11-07 11:18:34,-3.80
2023-11-07 13:51:00,-3.37
2023-11-07 14:44:40,-3.55
2023-11-07 15:38:20,-3.65
2023-11-07 16:32:02,-3.68
2023-11-07 17:25:47,-3.71
2023-11-07 18:19:37,-3.84
2023-11-07 19:13:19,-3.61
2023-11-07 20:07:04,-3.59
2023-11-07 21:00:55,-3.56
2023-11-07 21:54:42,-3.68
2023-11-07 22:48:26,-3.81
2023-11-07 23:42:07,-3.79
2023-11-08 00:35:58,-3.67
2023-11-08 01:29:39,-3.63
2023-11-08 02:23:24,-3.47
2023-11-08 03:17:17,-3.82
2023-11-08 04:11:12,-3.50
2023-11-08 05:04:59,-3.79
2023-11-08 05:58:41,-3.46
2023-11-08 06:52:25,-3.73
2023-11-08 07:46:17,-3.46
2023-11-08 08:40:07,-3.51
2023-11-08 09:33:51,-3.45
2023-11-08 10:27:43,-3.43
2023-11-08 11:21:25,-3.68
2023-11-08 12:15:23,-3.52
2023-11-08 12:54:43,-3.46
2023-11-08 13:51:31,-3.68
2023-11-08 14:48:19,-3.37
2023-11-08 15:45:06,-3.43
2023-11-08 16:41:57,-3.61
2023-11-08 17:38:54,-3.55
2023-11-08 18:36:00,-3.45
2023-11-08 19:32:56,-3.77
2023-11-08 20:29:53,-3.43
2023-11-08 21:26:44,-3.62
2023-11-08 22:23:42,-3.41
2023-11-08 23:20:35,-3.68
2023-11-09 00:17:27,-3.46
2023-11-09 01:14:15,-3.82
2023-11-09 02:11:05,-3.49
2023-11-09 03:08:10,-3.59
2023-11-09 04:04:58,-3.57
2023-11-09 05:01:53,-3.52
2023-11-09 05:58:41,-3.85
2023-11-09 06:55:28,-3.58
2023-11-09 07:52:16,-3.83
2023-11-09 08:49:14,-3.55
2023-11-09 09:46:11,-3.84
2023-11-09 10:43:09,-3.59
2023-11-09 11:40:09,-3.71
2023-11-09 12:37:06,-3.78
2023-11-09 13:33:58,-3.81
2023-11-09 14:30:52,-3.64
2023-11-09 15:27:44,-3.76
2023-11-09 16:24:39,-3.67
2023-11-09 17:21:29,-3.77
2023-11-09 18:29:02,-3.83
2023-11-09 19:26:29,-3.82
2023-11-09 20:24:02,-4.06
2023-11-09 21:21:43,-3.74
2023-11-09 22:19:06,-3.79
2023-11-09 23:16:39,-3.93
2023-11-10 00:14:13,-4.13
2023-11-10 01:11:52,-3.76
2023-11-10 02:09:25,-3.83
2023-11-10 03:06:56,-3.98
2023-11-10 04:04:33,-4.11
2023-11-10 05:02:03,-3.82
2023-11-10 05:59:45,-3.85
2023-11-10 06:57:16,-3.99
2023-11-10 07:54:46,-4.04
2023-11-10 08:52:24,-3.83
2023-11-10 09:49:57,-3.88
2023-11-10 10:47:35,-4.14
2023-11-10 11:45:07,-3.89
2023-11-10 12:42:33,-3.88
2023-11-10 13:40:02,-3.82
2023-11-10 14:37:48,-4.09
2023-11-10 15:35:19,-3.81
2023-11-10 16:32:49,-4.01
2023-11-10 17:36:35,-4.18
2023-11-10 18:33:23,-3.83
2023-11-10 19:30:13,-3.88
2023-11-10 20:26:55,-4.07
2023-11-10 21:23:43,-3.86
2023-11-10 22:20:20,-4.04
2023-11-10 23:17:06,-3.93
2023-11-11 00:13:55,-4.08
2023-11-11 01:10:47,-3.88
2023-11-11 02:07:33,-4.20
2023-11-11 03:04:22,-3.88
2023-11-11 04:01:22,-4.17
2023-11-11 04:58:17,-3.86
2023-11-11 05:55:04,-4.16
2023-11-11 06:52:01,-3.85
2023-11-11 07:48:46,-3.97
2023-11-11 08:45:39,-4.17
2023-11-11 09:42:26,-3.79
2023-11-11 10:39:08,-3.99
2023-11-11 11:35:56,-3.82
2023-11-11 12:32:43,-3.97
2023-11-11 13:29:41,-3.81
2023-11-11 14:34:23,-4.09
2023-11-11 15:28:03,-4.07
2023-11-11 16:21:37,-3.99
2023-11-11 17:15:06,-3.85
2023-11-11 18:08:43,-3.82
2023-11-11 19:02:17,-4.01
2023-11-11 19:55:47,-3.84
2023-11-11 20:49:17,-4.02
2023-11-11 21:42:47,-3.96
2023-11-11 22:36:19,-3.81
2023-11-11 23:29:57,-3.78
2023-11-12 00:23:35,-4.15
2023-11-12 01:17:13,-3.90
2023-11-12 02:10:46,-3.83
2023-11-12 03:04:23,-3.79
2023-11-12 03:57:57,-4.15
2023-11-12 04:51:26,-3.89
2023-11-12 05:44:57,-3.82
2023-11-12 06:38:24,-3.77
2023-11-12 07:31:57,-4.15
2023-11-12 08:25:45,-3.89
2023-11-12 09:19:20,-3.85
2023-11-12 10:12:49,-3.79
2023-11-12 11:06:14,-4.16
2023-11-12 11:59:40,-4.13
2023-11-12 12:53:17,-3.97
2023-11-12 13:57:14,-3.91
2023-11-12 14:24:09,-4.02
2023-11-12 14:49:40,-3.88
2023-11-12 15:47:38,-4.06
2023-11-12 16:45:17,-3.88
2023-11-12 17:42:51,-4.23
2023-11-12 18:40:31,-3.90
2023-11-12 19:38:11,-4.16
2023-11-12 20:35:46,-3.85
2023-11-12 21:33:26,-4.14
2023-11-12 22:31:07,-3.88
2023-11-12 23:28:44,-4.16
2023-11-13 00:26:30,-3.88
2023-11-13 01:24:22,-4.16
2023-11-13 02:22:10,-3.89
2023-11-13 03:19:51,-4.21
2023-11-13 04:17:26,-3.92
2023-11-13 05:15:11,-4.26
2023-11-13 06:12:50,-3.91
2023-11-13 07:10:37,-4.18
2023-11-13 08:08:20,-3.95
2023-11-13 09:05:58,-4.27
2023-11-13 10:03:33,-3.94
2023-11-13 11:01:18,-4.18
2023-11-13 11:59:08,-3.95
2023-11-13 19:00:45,-4.23
2023-11-13 19:57:58,-3.98
2023-11-13 20:55:07,-3.92
2023-11-13 21:52:12,-4.21
2023-11-13 22:49:21,-3.92
2023-11-13 23:46:26,-3.88
2023-11-14 00:43:36,-4.13
2023-11-14 01:40:50,-3.86
2023-11-14 02:38:02,-4.04
2023-11-14 03:35:12,-3.91
2023-11-14 04:32:17,-3.89
2023-11-14 05:29:39,-4.21
2023-11-14 06:26:50,-3.85
2023-11-14 07:24:04,-3.89
2023-11-14 08:21:17,-4.17
2023-11-14 09:18:16,-3.91
2023-11-14 10:15:22,-4.13
2023-11-14 11:12:33,-3.92
2023-11-14 12:09:34,-3.89
2023-11-14 13:06:42,-4.18
2023-11-14 14:03:39,-3.92
2023-11-14 15:00:40,-4.20
2023-11-14 15:57:49,-3.91
2023-11-14 16:55:00,-3.98
2023-11-14 17:52:08,-4.16
2023-11-14 18:18:52,-4.05
2023-11-14 19:06:37,-3.95
2023-11-14 19:54:00,-4.03
2023-11-14 20:41:27,-3.90
2023-11-14 21:29:03,-3.86
2023-11-14 22:17:09,-3.83
2023-11-14 23:04:56,-3.81
2023-11-14 23:52:21,-3.87
2023-11-15 00:40:06,-4.05
2023-11-15 01:27:54,-3.92
2023-11-15 02:15:32,-3.88
2023-11-15 03:03:02,-3.82
2023-11-15 03:50:49,-3.77
2023-11-15 04:38:22,-3.79
2023-11-15 05:25:56,-3.76
2023-11-15 06:13:49,-3.95
2023-11-15 07:01:54,-4.03
2023-11-15 07:48:57,-3.97
2023-11-15 08:36:48,-3.87
2023-11-15 09:24:31,-3.77
2023-11-15 10:11:49,-3.72
2023-11-15 10:59:39,-3.68
2023-11-15 11:47:20,-3.72
2023-11-15 12:35:07,-3.74
2023-11-15 13:22:53,-3.83
2023-11-15 14:10:50,-3.91
2023-11-15 14:58:33,-3.69
2023-11-15 15:45:57,-3.96
2023-11-15 16:33:58,-3.74
2023-11-15 17:21:44,-3.90
2023-11-15 18:09:09,-3.70
2023-11-15 18:56:46,-3.73
2023-11-15 19:44:28,-4.02
2023-11-15 20:32:09,-3.68
2023-11-15 21:19:33,-3.72
2023-11-15 22:07:38,-3.69
2023-11-15 22:55:12,-3.81
2023-11-15 23:42:52,-3.84
2023-11-16 00:29:59,-3.91
2023-11-16 01:17:31,-3.88
2023-11-16 02:04:47,-3.60
2023-11-16 02:52:49,-3.58
2023-11-16 03:40:22,-3.62
2023-11-16 04:27:33,-3.58
2023-11-16 05:14:52,-3.61
2023-11-16 06:02:15,-3.64
2023-11-16 06:50:06,-3.73
2023-11-16 07:37:29,-3.81
2023-11-16 08:24:59,-3.92
2023-11-21 18:55:03,1.83
2023-11-21 19:54:14,1.03
2023-11-21 20:53:12,0.260
2023-11-21 21:52:07,0.451
2023-11-21 22:50:59,-0.173
2023-11-21 23:49:59,0.0238
2023-11-22 00:48:57,-0.134
2023-11-22 01:47:39,-0.402
2023-11-22 02:46:39,-0.547
2023-11-22 03:45:38,-0.331
2023-11-22 04:44:36,-0.409
2023-11-22 05:43:21,-0.844
2023-11-22 06:42:09,-0.648
2023-11-22 07:40:49,-0.634
2023-11-22 08:39:49,-1.02
2023-11-22 09:38:58,-0.782
2023-11-22 13:35:56,-0.771
2023-11-22 13:47:12,-0.760
2023-11-22 14:47:41,-1.31
2023-11-22 15:48:11,-1.33
2023-11-22 16:48:37,-1.32
2023-11-22 17:49:07,-1.22
2023-11-22 18:32:22,-1.14
2023-11-22 19:32:51,-1.52
2023-11-22 20:33:19,-1.81
2023-11-22 21:33:46,-1.60
2023-11-22 22:34:11,-1.60
2023-11-22 23:34:39,-1.66
2023-11-23 00:35:08,-1.66
2023-11-23 01:35:35,-1.96
2023-11-23 02:36:03,-1.90
2023-11-23 03:36:29,-1.87
2023-11-23 04:36:55,-2.08
2023-11-23 05:37:21,-2.02
2023-11-23 06:37:45,-1.93
2023-11-23 07:38:14,-2.16
2023-11-23 08:38:44,-2.04
2023-11-23 09:39:14,-2.31
2023-11-23 10:39:39,-1.99
2023-11-23 11:35:48,-2.02
2023-11-23 12:49:18,-2.13
2023-11-23 14:02:18,-2.52
2023-11-23 15:16:28,-2.85
2023-11-23 16:32:00,-3.08
2023-11-23 17:47:36,-3.18
2023-11-23 19:03:14,-3.27
2023-11-23 20:18:07,-3.33
2023-11-23 21:32:17,-3.40
2023-11-23 22:47:18,-3.47
2023-11-24 00:02:17,-3.53
2023-11-24 01:14:42,-3.58
2023-11-24 02:30:31,-3.63
2023-11-24 03:44:10,-3.66
2023-11-24 04:57:03,-3.70
2023-11-24 06:12:11,-3.76
2023-11-24 07:27:46,-3.81
2023-11-24 08:42:32,-3.80
2023-11-24 09:54:57,-3.87
2023-11-24 11:09:23,-3.94
2023-11-24 12:24:30,-3.99
2023-11-24 13:39:40,-4.01
2023-11-24 14:35:10,-4.06
2023-11-24 15:35:39,-3.48

