"time","run_mean"
2023-07-06 17:16:24,20426
2023-07-06 17:17:55,20427
2023-07-06 17:19:26,20428
2023-07-06 17:20:57,20429
2023-07-06 17:22:29,20430
2023-07-06 17:24:00,20431
2023-07-06 17:25:31,20432
2023-07-06 17:27:02,20433
2023-07-06 17:30:41,20434
2023-07-06 17:32:10,20435
2023-07-06 17:36:23,20436
2023-07-06 17:40:36,20437
2023-07-06 17:44:48,20438
2023-07-06 17:49:01,20439
2023-07-06 17:53:14,20440
2023-07-06 17:57:27,20441
2023-07-06 18:01:39,20442
2023-07-06 18:05:51,20443
2023-07-06 18:10:11,20444
2023-07-06 18:59:38,20448
2023-07-06 19:50:14,20460
2023-07-06 20:40:53,20472
2023-07-06 21:31:26,20484
2023-07-06 22:22:06,20496
2023-07-06 23:12:44,20508
2023-07-07 00:03:23,20520
2023-07-07 00:53:59,20532
2023-07-07 01:44:31,20544
2023-07-07 02:35:07,20556
2023-07-07 03:25:41,20568
2023-07-07 04:16:14,20580
2023-07-07 05:06:56,20592
2023-07-07 05:57:34,20604
2023-07-07 06:48:11,20616
2023-07-07 07:38:44,20628
2023-07-07 08:29:18,20640
2023-07-07 09:19:55,20652
2023-07-07 10:10:29,20664
2023-07-07 11:01:08,20676
2023-07-07 11:51:45,20688
2023-07-07 12:42:17,20700
2023-07-07 13:32:52,20712
2023-07-07 14:23:25,20724
2023-07-07 15:14:00,20736
2023-07-07 16:04:34,20748
2023-07-07 16:55:08,20760
2023-07-07 17:45:41,20772
2023-07-07 18:36:20,20784
2023-07-07 19:26:55,20796
2023-07-07 20:17:32,20808
2023-07-07 20:54:41,20817
2023-07-07 21:52:04,20819
2023-07-07 22:49:34,20821
2023-07-07 23:47:05,20823
2023-07-08 00:44:36,20825
2023-07-08 01:42:01,20827
2023-07-08 02:39:30,20829
2023-07-08 03:36:56,20831
2023-07-08 04:34:22,20833
2023-07-08 05:31:43,20835
2023-07-08 06:29:15,20837
2023-07-08 07:26:40,20839
2023-07-08 08:24:07,20841
2023-07-08 09:21:39,20843
2023-07-08 10:19:03,20845
2023-07-08 11:16:28,20847
2023-07-08 12:13:51,20849
2023-07-08 13:11:18,20851
2023-07-08 14:08:45,20853
2023-07-08 15:06:16,20855
2023-07-08 16:03:46,20857
2023-07-08 17:01:13,20859
2023-07-08 17:58:41,20861
2023-07-08 18:56:07,20863
2023-07-08 19:53:37,20865
2023-07-08 20:51:07,20867
2023-07-08 21:48:31,20869
2023-07-08 22:45:55,20871
2023-07-08 23:43:19,20873
2023-07-09 00:40:44,20875
2023-07-09 01:38:09,20877
2023-07-09 02:35:34,20879
2023-07-09 03:32:59,20881
2023-07-09 04:30:25,20883
2023-07-09 05:27:48,20885
2023-07-09 06:25:11,20887
2023-07-09 07:22:34,20889
2023-07-09 08:19:59,20891
2023-07-09 09:17:23,20893
2023-07-09 10:14:48,20895
2023-07-09 11:12:15,20897
2023-07-09 12:09:40,20899
2023-07-09 13:07:03,20901
2023-07-09 14:04:26,20903
2023-07-09 15:01:49,20905
2023-07-09 15:59:12,20907
2023-07-09 16:56:42,20909
2023-07-09 17:54:09,20911
2023-07-09 18:51:33,20913
2023-07-09 19:49:01,20915
2023-07-09 20:46:24,20917
2023-07-09 21:43:48,20919
2023-07-09 22:41:15,20921
2023-07-09 23:38:40,20923
2023-07-10 00:36:08,20925
2023-07-10 01:33:38,20927
2023-07-10 02:31:02,20929
2023-07-10 03:28:32,20931
2023-07-10 04:26:00,20933
2023-07-10 05:23:24,20935
2023-07-10 06:20:50,20937
2023-07-10 07:18:16,20939
2023-07-10 08:15:42,20941
2023-07-10 09:13:09,20943
2023-07-10 10:10:33,20945
2023-07-10 11:07:58,20947
2023-07-10 12:05:24,20949
2023-07-10 13:02:55,20951
2023-07-10 14:00:18,20953
2023-07-10 14:57:49,20955
2023-07-10 15:55:15,20957
2023-07-10 16:52:41,20959
2023-07-10 17:50:06,20961
2023-07-10 18:47:32,20963
2023-07-10 19:44:59,20965
2023-07-10 20:42:25,20967
2023-07-10 21:39:50,20969
2023-07-10 22:37:12,20971
2023-07-10 23:34:37,20973
2023-07-11 00:32:02,20975
2023-07-11 01:29:31,20977
2023-07-11 02:26:53,20979
2023-07-11 03:24:19,20981
2023-07-11 04:21:44,20983
2023-07-11 05:19:08,20985
2023-07-11 06:16:31,20987
2023-07-11 07:13:55,20989
2023-07-11 08:11:19,20991
2023-07-11 09:08:44,20993
2023-07-11 10:06:07,20995
2023-07-11 11:03:31,20997
2023-07-11 12:00:56,20999
2023-07-11 16:56:11,21001
2023-07-11 17:58:25,21003
2023-07-11 18:55:48,21005
2023-07-11 19:53:12,21007
2023-07-11 20:50:37,21009
2023-07-11 21:48:01,21011
2023-07-11 22:45:25,21013
2023-07-11 23:42:49,21015
2023-07-12 00:40:20,21017
2023-07-12 01:37:52,21019
2023-07-12 02:35:17,21021
2023-07-12 03:32:46,21023
2023-07-12 04:30:11,21025
2023-07-12 05:27:36,21027
2023-07-12 06:25:01,21029
2023-07-12 07:22:28,21031
2023-07-12 08:19:58,21033
2023-07-12 09:17:29,21035
2023-07-12 10:14:55,21037
2023-07-12 11:12:20,21039
2023-07-12 12:09:45,21041
2023-07-12 16:04:43,21045
2023-07-12 16:46:06,21048
2023-07-12 16:47:29,21049
2023-07-12 17:37:53,21056
2023-07-12 17:39:15,21057
2023-07-12 17:47:01,21059
2023-07-12 17:48:24,21060
2023-07-12 18:54:24,21069
2023-07-12 18:55:52,21070
2023-07-12 20:01:51,21079
2023-07-12 20:03:14,21080
2023-07-12 21:09:46,21089
2023-07-12 21:11:09,21090
2023-07-12 22:17:08,21099
2023-07-12 22:18:32,21100
2023-07-12 23:23:15,21109
2023-07-12 23:24:42,21110
2023-07-13 00:29:15,21119
2023-07-13 00:30:38,21120
2023-07-13 01:34:52,21129
2023-07-13 01:36:15,21130
2023-07-13 02:40:35,21139
2023-07-13 02:41:57,21140
2023-07-13 03:47:22,21149
2023-07-13 03:48:46,21150
2023-07-13 04:52:34,21159
2023-07-13 04:53:57,21160
2023-07-13 05:58:28,21169
2023-07-13 05:59:51,21170
2023-07-13 07:03:48,21179
2023-07-13 07:05:12,21180
2023-07-13 08:09:46,21189
2023-07-13 08:11:09,21190
2023-07-13 09:13:58,21199
2023-07-13 09:15:20,21200
2023-07-13 10:18:38,21209
2023-07-13 10:20:00,21210
2023-07-13 11:22:12,21219
2023-07-13 11:23:39,21220
2023-07-13 12:26:23,21229
2023-07-13 12:27:47,21230
2023-07-13 13:30:31,21239
2023-07-13 13:31:54,21240
2023-07-13 14:35:08,21249
2023-07-13 14:36:35,21250
2023-07-13 15:38:29,21259
2023-07-13 15:39:51,21260
2023-07-13 16:43:05,21269
2023-07-13 16:44:27,21270
2023-07-13 17:47:37,21279
2023-07-13 17:49:00,21280
2023-07-13 18:52:11,21289
2023-07-13 18:53:33,21290
2023-07-13 19:56:32,21299
2023-07-13 19:57:54,21300
2023-07-13 21:01:08,21309
2023-07-13 21:02:30,21310
2023-07-13 22:05:30,21319
2023-07-13 22:06:53,21320
2023-07-13 23:09:43,21329
2023-07-13 23:11:06,21330
2023-07-14 00:13:55,21339
2023-07-14 00:15:21,21340
2023-07-14 01:17:55,21349
2023-07-14 01:19:22,21350
2023-07-14 02:22:12,21359
2023-07-14 02:23:39,21360
2023-07-14 03:25:48,21369
2023-07-14 03:27:10,21370
2023-07-14 04:29:23,21379
2023-07-14 04:30:45,21380
2023-07-14 05:32:46,21389
2023-07-14 05:34:09,21390
2023-07-14 06:36:06,21399
2023-07-14 06:37:27,21400
2023-07-14 07:40:19,21409
2023-07-14 07:41:42,21410
2023-07-14 08:43:53,21419
2023-07-14 08:45:15,21420
2023-07-14 09:48:32,21429
2023-07-14 09:49:54,21430
2023-07-14 10:53:10,21439
2023-07-14 10:54:34,21440
2023-07-14 11:55:55,21449
2023-07-14 11:57:22,21450
2023-07-14 12:59:18,21459
2023-07-14 13:00:42,21460
2023-07-14 14:02:11,21469
2023-07-14 14:03:33,21470
2023-07-14 14:41:26,21475
2023-07-14 15:42:37,21484
2023-07-14 16:43:25,21493
2023-07-14 17:45:11,21502
2023-07-14 18:47:05,21511
2023-07-14 19:48:32,21520
2023-07-14 22:32:14,21526
2023-07-14 23:33:04,21535
2023-07-15 00:33:25,21544
2023-07-15 01:35:22,21553
2023-07-15 02:37:18,21562
2023-07-15 03:38:43,21571
2023-07-15 04:40:51,21580
2023-07-15 05:43:39,21589
2023-07-15 06:45:47,21598
2023-07-15 07:48:29,21607
2023-07-15 08:51:37,21616
2023-07-15 09:54:13,21625
2023-07-15 10:55:38,21634
2023-07-15 11:57:53,21643
2023-07-15 12:59:23,21652
2023-07-15 14:01:19,21661
2023-07-15 15:03:40,21670
2023-07-15 16:06:30,21679
2023-07-15 17:08:42,21688
2023-07-15 18:10:09,21697
2023-07-15 19:12:26,21706
2023-07-15 20:13:20,21715
2023-07-15 21:13:06,21724
2023-07-15 22:14:06,21733
2023-07-15 23:15:13,21742
2023-07-16 00:16:05,21751
2023-07-16 01:16:43,21760
2023-07-16 02:17:10,21769
2023-07-16 03:16:18,21778
2023-07-16 04:16:58,21787
2023-07-16 05:17:32,21796
2023-07-16 06:17:00,21805
2023-07-16 07:17:04,21814
2023-07-16 08:16:30,21823
2023-07-16 09:16:03,21832
2023-07-16 10:14:17,21841
2023-07-16 12:27:38,21847
2023-07-16 13:26:47,21856
2023-07-16 14:26:10,21865
2023-07-16 15:26:00,21874
2023-07-16 16:24:27,21883
2023-07-16 17:23:03,21892
2023-07-16 18:21:08,21901
2023-07-16 19:21:01,21910
2023-07-16 20:19:07,21919
2023-07-16 21:18:06,21928
2023-07-16 22:17:15,21937
2023-07-16 23:15:50,21946
2023-07-17 00:13:43,21955
2023-07-17 01:12:08,21964
2023-07-17 02:10:28,21973
2023-07-17 03:08:11,21982
2023-07-17 04:06:46,21991
2023-07-17 05:05:46,22000
2023-07-17 06:04:07,22009
2023-07-17 07:03:15,22018
2023-07-17 08:01:02,22027
2023-07-17 09:00:17,22036
2023-07-17 09:59:06,22045
2023-07-17 10:56:39,22054
2023-07-17 11:54:49,22063
2023-07-17 12:54:13,22072
2023-07-17 13:14:10,22075
2023-07-17 14:01:04,22082
2023-07-17 14:29:04,22084
2023-07-17 15:26:31,22093
2023-07-17 16:25:57,22102
2023-07-17 17:25:38,22111
2023-07-17 18:24:10,22120
2023-07-17 19:23:28,22129
2023-07-17 20:23:30,22138
2023-07-17 21:23:51,22147
2023-07-17 22:23:55,22156
2023-07-17 23:24:09,22165
2023-07-18 00:23:59,22174
2023-07-18 01:23:19,22183
2023-07-18 02:22:59,22192
2023-07-18 03:22:53,22201
2023-07-18 04:22:40,22210
2023-07-18 05:22:26,22219
2023-07-18 06:21:14,22228
2023-07-18 07:20:25,22237
2023-07-18 08:19:44,22246
2023-07-18 09:18:33,22255
2023-07-18 10:16:01,22264
2023-07-18 11:15:43,22273
2023-07-18 12:13:51,22282
2023-07-18 13:12:27,22291
2023-07-18 13:16:48,22292
2023-07-18 14:00:51,22299
2023-07-18 15:00:09,22308
2023-07-18 15:58:18,22317
2023-07-18 16:57:49,22326
2023-07-18 17:57:07,22335
2023-07-18 18:56:20,22344
2023-07-18 19:56:52,22353
2023-07-18 21:39:35,22359
2023-07-18 22:38:25,22368
2023-07-18 23:38:16,22377
2023-07-19 00:37:39,22386
2023-07-19 01:35:49,22395
2023-07-19 02:34:53,22404
2023-07-19 03:33:43,22413
2023-07-19 04:32:53,22422
2023-07-19 05:33:16,22431
2023-07-19 06:32:45,22440
2023-07-19 07:32:34,22449
2023-07-19 08:31:34,22458
2023-07-19 09:30:44,22467
2023-07-19 10:30:44,22476
2023-07-19 11:29:12,22485
2023-07-19 12:29:12,22494
2023-07-19 13:29:33,22503
2023-07-19 13:48:55,22506
2023-07-19 14:00:10,22508
2023-07-19 14:51:52,22515
2023-07-19 15:34:28,22517
2023-07-19 16:32:12,22519
2023-07-19 17:29:56,22521
2023-07-19 18:27:39,22523
2023-07-19 19:25:22,22525
2023-07-19 20:23:10,22527
2023-07-19 21:20:54,22529
2023-07-19 22:18:40,22531
2023-07-19 23:16:22,22533
2023-07-20 00:14:05,22535
2023-07-20 01:11:47,22537
2023-07-20 02:09:26,22539
2023-07-20 03:07:09,22541
2023-07-20 04:04:52,22543
2023-07-20 05:02:37,22545
2023-07-20 06:00:21,22547
2023-07-20 06:58:03,22549
2023-07-20 07:55:47,22551
2023-07-20 08:53:29,22553
2023-07-20 09:51:11,22555
2023-07-20 10:48:53,22557
2023-07-20 11:46:37,22559
2023-07-20 12:44:18,22561
2023-07-20 13:41:59,22563
2023-07-20 14:39:43,22565
2023-07-20 15:37:26,22567
2023-07-25 14:15:46,22570
2023-07-25 15:13:28,22572
2023-07-25 16:11:09,22574
2023-07-25 17:08:46,22576
2023-07-25 18:06:26,22578
2023-07-25 19:04:08,22580
2023-07-25 20:01:52,22582
2023-07-25 20:59:35,22584
2023-07-25 21:57:19,22586
2023-07-25 22:54:56,22588
2023-07-25 23:52:36,22590
2023-07-26 00:50:17,22592
2023-07-26 01:47:53,22594
2023-07-26 02:45:37,22596
2023-07-26 03:43:20,22598
2023-07-26 04:41:08,22600
2023-07-26 05:38:47,22602
2023-07-26 06:36:30,22604
2023-07-26 07:34:11,22606
2023-07-26 08:31:49,22608
2023-07-26 09:29:26,22610
2023-07-26 10:27:09,22612
2023-07-26 11:24:53,22614
2023-07-26 12:22:35,22616
2023-07-26 13:20:11,22618
2023-07-26 14:17:47,22620
2023-07-26 15:15:37,22622
2023-07-26 16:13:18,22624
2023-07-26 17:10:57,22626
2023-07-26 18:08:37,22628
2023-07-26 19:06:14,22630
2023-07-26 20:03:57,22632
2023-07-26 21:01:40,22634
2023-07-26 21:59:20,22636
2023-07-26 22:56:57,22638
2023-07-26 23:54:33,22640
2023-07-27 00:52:11,22642
2023-07-27 01:49:59,22644
2023-07-27 02:47:38,22646
2023-07-27 03:45:19,22648
2023-07-27 04:43:02,22650
2023-07-27 05:40:47,22652
2023-07-27 06:38:29,22654
2023-07-27 07:36:11,22656
2023-07-27 08:33:53,22658
2023-07-27 09:31:32,22660
2023-07-27 10:29:15,22662
2023-07-27 11:26:52,22664
2023-07-27 12:24:28,22666
2023-07-27 13:22:10,22668
2023-07-27 14:19:53,22670
2023-07-27 15:17:36,22672
2023-07-27 16:15:16,22674
2023-07-27 17:12:59,22676
2023-07-27 18:10:42,22678
2023-07-27 19:08:26,22680
2023-07-27 20:06:09,22682
2023-07-27 21:03:47,22684
2023-07-27 22:01:30,22686
2023-07-27 22:59:06,22688
2023-07-27 23:56:42,22690
2023-07-28 00:54:23,22692
2023-07-28 01:52:05,22694
2023-07-28 02:49:44,22696
2023-07-28 03:47:25,22698
2023-07-28 04:45:03,22700
2023-07-28 05:42:42,22702
2023-07-28 06:40:19,22704
2023-07-28 07:37:57,22706
2023-07-28 08:35:38,22708
2023-07-28 09:33:18,22710
2023-07-28 10:30:58,22712
2023-07-28 11:28:43,22714
2023-07-28 13:13:45,22718
2023-07-28 13:55:49,22725
2023-07-28 15:02:28,22734
2023-07-28 16:07:52,22743
2023-07-28 16:42:52,22748
2023-07-28 17:46:23,22757
2023-07-28 19:03:49,22768
2023-07-28 20:20:25,22779
2023-07-28 21:37:38,22790
2023-07-28 22:55:50,22801
2023-07-29 00:13:01,22812
2023-07-29 01:31:25,22823
2023-07-29 02:47:57,22834
2023-07-29 04:06:41,22845
2023-07-29 05:24:59,22856
2023-07-29 06:41:49,22867
2023-07-29 07:58:21,22878
2023-07-29 09:14:31,22889
2023-07-29 10:30:44,22900
2023-07-29 11:48:02,22911
2023-07-29 13:04:31,22922
2023-07-29 14:20:16,22933
2023-07-29 15:36:18,22944
2023-07-29 16:53:54,22955
2023-07-29 18:09:25,22966
2023-07-29 19:25:39,22977
2023-07-29 20:41:05,22988
2023-07-29 21:57:22,22999
2023-07-29 23:14:06,23010
2023-07-30 00:30:37,23021
2023-07-30 01:46:02,23032
2023-07-30 03:01:01,23043
2023-07-30 04:15:43,23054
2023-07-30 05:31:24,23065
2023-07-30 06:46:58,23076
2023-07-30 08:01:38,23087
2023-07-30 09:16:20,23098
2023-07-30 10:30:59,23109
2023-07-30 11:46:47,23120
2023-07-30 13:00:41,23131
2023-07-30 14:17:02,23142
2023-07-30 15:32:57,23153
2023-07-30 16:48:21,23164
2023-07-30 19:20:13,23186
2023-07-30 20:35:00,23197
2023-07-30 21:49:54,23208
2023-07-30 23:05:37,23219
2023-07-31 00:21:12,23230
2023-07-31 01:35:54,23241
2023-07-31 02:51:31,23252
2023-07-31 04:08:50,23263
2023-07-31 05:25:27,23274
2023-07-31 06:40:05,23285
2023-07-31 07:56:19,23296
2023-07-31 09:10:08,23307
2023-07-31 10:26:11,23318
2023-07-31 11:41:10,23329
2023-07-31 12:57:02,23340
2023-07-31 14:52:29,23358
2023-07-31 16:09:38,23369
2023-07-31 17:27:48,23380
2023-07-31 18:43:38,23391
2023-07-31 20:03:03,23402
2023-07-31 21:22:08,23413
2023-07-31 22:40:16,23424
2023-08-01 01:18:01,23446
2023-08-01 02:35:42,23457
2023-08-01 03:51:33,23468
2023-08-01 05:06:45,23479
2023-08-01 06:22:22,23490
2023-08-01 07:39:43,23501
2023-08-01 08:55:01,23512
2023-08-01 10:10:43,23523
2023-08-01 11:27:55,23534
2023-08-01 12:44:28,23545
2023-08-01 14:00:00,23556
2023-08-01 15:16:13,23567
2023-08-01 16:32:09,23578
2023-08-01 16:44:07,23580
2023-08-01 17:33:15,23587
2023-08-01 18:51:37,23598
2023-08-01 20:10:30,23609
2023-08-01 21:28:10,23620
2023-08-01 22:45:03,23631
2023-08-02 00:03:02,23642
2023-08-02 01:21:47,23653
2023-08-02 02:38:59,23664
2023-08-02 03:55:33,23675
2023-08-02 05:12:51,23686
2023-08-02 06:30:36,23697
2023-08-02 07:47:16,23708
2023-08-02 09:03:58,23719
2023-08-02 11:36:19,23741
2023-08-02 12:54:43,23752
2023-08-02 13:56:49,23761
2023-08-02 14:43:32,23768
2023-08-02 17:56:54,23819
2023-08-02 19:08:08,23830
2023-08-02 20:19:45,23841
2023-08-02 21:30:19,23852
2023-08-02 22:43:19,23863
2023-08-02 23:55:09,23874
2023-08-03 01:08:01,23885
2023-08-03 02:20:43,23896
2023-08-03 03:32:15,23907
2023-08-03 04:44:23,23918
2023-08-03 05:56:15,23929
2023-08-03 07:07:25,23940
2023-08-03 08:20:12,23951
2023-08-03 09:32:44,23962
2023-08-03 10:44:49,23973
2023-08-03 11:56:39,23984
2023-08-03 12:03:18,23985
2023-08-03 12:07:42,23987
2023-08-03 12:51:34,23998
2023-08-03 13:35:12,24009
2023-08-03 14:19:09,24020
2023-08-03 14:31:49,24023
2023-08-03 15:42:19,24034
2023-08-03 16:53:45,24045
2023-08-03 18:05:07,24056
2023-08-03 19:17:43,24067
2023-08-03 20:30:04,24078
2023-08-03 21:41:18,24089
2023-08-03 22:53:26,24100
2023-08-04 00:06:22,24111
2023-08-04 01:17:36,24122
2023-08-04 02:29:44,24133
2023-08-04 03:41:05,24144
2023-08-04 04:52:25,24155
2023-08-04 06:04:08,24166
2023-08-04 07:16:46,24177
2023-08-04 08:27:37,24188
2023-08-04 09:38:45,24199
2023-08-04 10:50:32,24210
2023-08-04 12:03:01,24221
2023-08-04 13:13:53,24232
2023-08-04 14:24:41,24243
2023-08-04 15:35:34,24254
2023-08-04 16:47:34,24265
2023-08-04 17:58:38,24276
2023-08-04 19:11:10,24287
2023-08-04 20:22:23,24298
2023-08-04 21:34:00,24309
2023-08-04 22:44:48,24320
2023-08-04 23:39:20,24329
2023-08-05 00:29:19,24342
2023-08-05 01:19:22,24355
2023-08-05 02:09:21,24368
2023-08-05 02:59:19,24381
2023-08-05 03:49:19,24394
2023-08-05 04:39:19,24407
2023-08-05 05:29:21,24420
2023-08-05 06:19:25,24433
2023-08-05 07:09:26,24446
2023-08-05 07:59:29,24459
2023-08-05 08:49:34,24472
2023-08-05 09:39:31,24485
2023-08-05 10:29:32,24498
2023-08-05 11:19:35,24511
2023-08-05 12:09:29,24524
2023-08-05 12:59:25,24537
2023-08-05 13:49:22,24550
2023-08-05 14:39:18,24563
2023-08-05 15:29:15,24576
2023-08-05 16:19:15,24589
2023-08-05 17:09:11,24602
2023-08-05 17:59:03,24615
2023-08-05 18:49:01,24628
2023-08-05 19:38:57,24641
2023-08-05 20:28:57,24654
2023-08-05 21:18:55,24667
2023-08-05 22:08:55,24680
2023-08-05 22:58:55,24693
2023-08-05 23:48:55,24706
2023-08-06 00:38:49,24719
2023-08-06 01:28:47,24732
2023-08-06 02:18:44,24745
2023-08-06 03:08:40,24758
2023-08-06 03:58:33,24771
2023-08-06 04:48:28,24784
2023-08-06 05:38:26,24797
2023-08-06 06:28:27,24810
2023-08-06 07:18:23,24823
2023-08-06 08:08:21,24836
2023-08-06 08:58:17,24849
2023-08-06 09:48:15,24862
2023-08-06 10:38:11,24875
2023-08-06 11:28:12,24888
2023-08-06 12:18:11,24901
2023-08-06 13:08:07,24914
2023-08-06 13:58:03,24927
2023-08-06 14:48:00,24940
2023-08-06 15:37:56,24953
2023-08-06 16:27:50,24966
2023-08-06 17:17:46,24979
2023-08-06 18:07:40,24992
2023-08-06 18:57:41,25005
2023-08-06 19:47:41,25018
2023-08-06 20:37:35,25031
2023-08-06 21:27:32,25044
2023-08-06 22:17:24,25057
2023-08-06 23:07:24,25070
2023-08-06 23:57:21,25083
2023-08-07 00:47:16,25096
2023-08-07 01:37:16,25109
2023-08-07 02:27:11,25122
2023-08-07 03:17:05,25135
2023-08-07 04:06:59,25148
2023-08-07 04:57:03,25161
2023-08-07 05:47:01,25174
2023-08-07 06:36:58,25187
2023-08-07 07:26:52,25200
2023-08-07 08:16:50,25213
2023-08-07 09:06:46,25226
2023-08-07 09:56:40,25239
2023-08-07 10:46:36,25252
2023-08-07 11:36:30,25265
2023-08-07 12:26:25,25278
2023-08-07 13:16:14,25291
2023-08-07 14:06:07,25304
2023-08-07 14:56:06,25317
2023-08-07 15:46:03,25330
2023-08-07 16:35:56,25343
2023-08-07 17:25:54,25356
2023-08-07 18:15:52,25369
2023-08-07 19:05:51,25382
2023-08-07 19:55:46,25395
2023-08-07 20:45:39,25408
2023-08-07 21:35:33,25421
2023-09-26 13:18:20,25430
2023-09-26 14:01:59,25441
2023-09-26 14:45:55,25452
2023-09-26 15:29:39,25463
2023-09-26 16:13:26,25474
2023-09-26 16:53:10,25483
2023-09-26 17:40:58,25486
2023-09-26 18:24:47,25497
2023-09-26 19:08:19,25508
2023-09-26 19:51:59,25519
2023-09-26 20:36:01,25530
2023-09-26 21:19:53,25541
2023-09-26 22:03:36,25552
2023-09-26 22:47:26,25563
2023-09-26 23:31:08,25574
2023-09-27 00:15:25,25585
2023-09-27 01:13:01,25587
2023-09-27 02:10:44,25589
2023-09-27 03:08:24,25591
2023-09-27 04:06:06,25593
2023-09-27 05:03:43,25595
2023-09-27 06:01:25,25597
2023-09-27 06:59:04,25599
2023-09-27 07:56:42,25601
2023-09-27 08:54:22,25603
2023-09-27 09:51:59,25605
2023-09-27 10:49:39,25607
2023-09-27 11:47:20,25609
2023-09-27 12:45:04,25611
2023-09-27 13:42:48,25613
2023-09-27 14:40:26,25615
2023-09-27 15:38:09,25617
2023-09-27 16:35:53,25619
2023-09-27 17:33:34,25621
2023-09-27 18:31:14,25623
2023-09-27 19:28:52,25625
2023-09-27 20:26:30,25627
2023-09-27 21:24:13,25629
2023-09-27 22:21:49,25631
2023-09-27 23:19:29,25633
2023-09-28 00:17:13,25635
2023-09-28 01:14:49,25637
2023-09-28 02:12:27,25639
2023-09-28 03:10:07,25641
2023-09-28 04:07:46,25643
2023-09-28 05:05:25,25645
2023-09-28 06:03:04,25647
2023-09-28 07:00:47,25649
2023-09-28 07:58:29,25651
2023-09-28 08:56:12,25653
2023-09-28 09:53:57,25655
2023-09-28 10:51:33,25657
2023-09-28 11:49:08,25659
2023-09-28 12:46:50,25661
2023-09-28 13:44:33,25663
2023-09-28 14:42:14,25665
2023-09-28 15:39:53,25667
2023-09-28 16:37:36,25669
2023-09-28 17:35:20,25671
2023-09-28 18:33:03,25673
2023-09-28 19:30:40,25675
2023-09-28 20:28:19,25677
2023-09-28 21:26:00,25679
2023-09-28 22:23:41,25681
2023-09-28 23:21:21,25683
2023-09-29 00:18:59,25685
2023-09-29 01:16:37,25687
2023-09-29 02:14:21,25689
2023-09-29 03:12:02,25691
2023-09-29 04:09:44,25693
2023-09-29 05:07:21,25695
2023-09-29 06:04:57,25697
2023-09-29 07:02:34,25699
2023-09-29 08:00:18,25701
2023-09-29 08:57:59,25703
2023-09-29 09:55:38,25705
2023-09-29 10:53:17,25707
2023-09-29 11:50:54,25709
2023-09-29 12:48:34,25711
2023-09-29 13:46:18,25713
2023-09-29 14:44:02,25715
2023-09-29 15:41:47,25717
2023-09-29 16:39:27,25719
2023-09-29 17:37:06,25721
2023-09-29 18:35:38,25723
2023-09-29 19:47:56,25732
2023-09-29 19:59:19,25734
2023-09-29 21:18:34,25745
2023-09-29 22:35:23,25756
2023-09-29 23:54:42,25767
2023-09-30 01:12:14,25778
2023-09-30 02:29:59,25789
2023-09-30 03:46:18,25800
2023-09-30 05:03:54,25811
2023-09-30 06:20:42,25822
2023-09-30 07:36:26,25833
2023-09-30 08:52:30,25844
2023-09-30 10:08:07,25855
2023-09-30 11:23:41,25866
2023-09-30 12:39:20,25877
2023-09-30 13:56:35,25888
2023-09-30 15:11:27,25899
2023-09-30 16:26:46,25910
2023-09-30 17:41:29,25921
2023-09-30 18:55:39,25932
2023-09-30 20:10:59,25943
2023-09-30 21:24:21,25954
2023-09-30 22:37:09,25965
2023-09-30 23:51:26,25976
2023-10-01 01:06:04,25987
2023-10-01 02:20:39,25998
2023-10-01 03:35:57,26009
2023-10-01 04:50:53,26020
2023-10-01 06:05:00,26031
2023-10-01 07:18:53,26042
2023-10-01 08:32:58,26053
2023-10-01 09:47:49,26064
2023-10-01 11:02:52,26075
2023-10-01 12:18:15,26086
2023-10-01 13:34:04,26097
2023-10-01 14:48:30,26108
2023-10-01 16:03:24,26119
2023-10-01 17:18:22,26130
2023-10-01 18:33:52,26141
2023-10-01 19:50:06,26152
2023-10-01 21:06:40,26163
2023-10-01 22:22:30,26174
2023-10-01 23:37:49,26185
2023-10-02 00:52:28,26196
2023-10-02 02:08:32,26207
2023-10-02 03:24:29,26218
2023-10-02 04:40:35,26229
2023-10-02 05:56:55,26240
2023-10-02 07:13:32,26251
2023-10-02 08:31:09,26262
2023-10-02 09:47:49,26273
2023-10-02 11:02:53,26284
2023-10-02 12:00:22,26292
2023-10-02 12:38:58,26299
2023-10-02 13:54:55,26310
2023-10-02 15:08:43,26321
2023-10-02 16:20:30,26332
2023-10-02 17:30:20,26343
2023-10-02 18:41:18,26354
2023-10-02 19:54:22,26365
2023-10-02 21:08:00,26376
2023-10-02 22:20:45,26387
2023-10-02 23:34:40,26398
2023-10-03 00:47:41,26409
2023-10-03 01:59:44,26420
2023-10-03 03:13:03,26431
2023-10-03 04:27:14,26442
2023-10-03 05:40:29,26453
2023-10-03 06:52:33,26464
2023-10-03 08:06:52,26475
2023-10-03 09:20:22,26486
2023-10-03 10:32:42,26497
2023-10-03 11:30:58,26506
2023-10-03 12:16:39,26513
2023-10-03 13:31:09,26524
2023-10-03 14:46:18,26535
2023-10-03 15:59:45,26546
2023-10-03 17:13:38,26557
2023-10-03 18:28:55,26568
2023-10-03 19:44:39,26579
2023-10-03 20:59:54,26590
2023-10-03 22:13:48,26601
2023-10-03 23:27:15,26612
2023-10-04 00:42:22,26623
2023-10-04 01:56:20,26634
2023-10-04 03:11:15,26645
2023-10-04 04:24:46,26656
2023-10-04 05:40:12,26667
2023-10-04 06:53:46,26678
2023-10-04 08:09:05,26689
2023-10-04 09:23:18,26700
2023-10-04 10:38:35,26711
2023-10-04 11:53:49,26722
2023-10-04 13:10:35,26733
2023-10-04 14:25:33,26744
2023-10-04 15:41:47,26755
2023-10-04 16:58:08,26766
2023-10-04 17:40:35,26772
2023-10-04 18:35:59,26779
2023-10-04 19:53:34,26790
2023-10-04 21:10:01,26801
2023-10-04 22:26:44,26812
2023-10-04 23:43:51,26823
2023-10-05 01:00:28,26834
2023-10-05 02:16:30,26845
2023-10-05 03:32:47,26856
2023-10-05 04:47:51,26867
2023-10-05 06:05:05,26878
2023-10-05 07:20:53,26889
2023-10-05 08:37:05,26900
2023-10-05 09:51:49,26911
2023-10-05 11:08:59,26922
2023-10-05 12:25:24,26933
2023-10-05 13:46:05,26938
2023-10-05 14:42:09,26947
2023-10-05 16:02:25,26958
2023-10-05 17:22:50,26969
2023-10-05 18:44:12,26980
2023-10-05 20:07:46,26991
2023-10-05 21:33:03,27002
2023-10-05 22:56:55,27013
2023-10-06 00:22:05,27024
2023-10-06 01:48:33,27035
2023-10-06 03:15:54,27046
2023-10-06 04:40:15,27057
2023-10-06 06:07:30,27068
2023-10-06 07:32:12,27079
2023-10-06 08:57:34,27090
2023-10-06 10:23:59,27101
2023-10-06 11:48:31,27112
2023-10-06 13:12:48,27123
2023-10-06 14:40:33,27134
2023-10-06 15:06:13,27137
2023-10-06 15:52:24,27144
2023-10-06 17:18:26,27155
2023-10-06 18:44:20,27166
2023-10-06 20:10:31,27177
2023-10-06 21:34:41,27188
2023-10-06 23:00:29,27199
2023-10-07 00:24:39,27210
2023-10-07 01:48:45,27221
2023-10-07 03:12:12,27232
2023-10-07 04:34:30,27243
2023-10-07 05:56:44,27254
2023-10-07 07:19:46,27265
2023-10-07 08:42:16,27276
2023-10-07 10:03:12,27287
2023-10-07 11:23:37,27298
2023-10-07 12:43:47,27309
2023-10-07 13:41:22,27314
2023-10-07 14:34:26,27321
2023-10-07 15:21:47,27328
2023-10-07 16:41:32,27339
2023-10-07 18:01:57,27350
2023-10-07 19:20:04,27361
2023-10-07 20:39:10,27372
2023-10-07 21:57:30,27383
2023-10-07 23:16:58,27394
2023-10-08 00:35:11,27405
2023-10-08 01:51:51,27416
2023-10-08 03:11:42,27427
2023-10-08 04:30:14,27438
2023-10-08 05:49:14,27449
2023-10-08 07:07:28,27460
2023-10-08 08:26:45,27471
2023-10-08 09:46:09,27482
2023-10-08 11:06:53,27493
2023-10-08 12:27:51,27504
2023-10-08 12:53:58,27508
2023-10-08 14:06:51,27517
2023-10-08 15:25:59,27528
2023-10-08 16:44:37,27539
2023-10-08 18:03:15,27550
2023-10-08 19:22:48,27561
2023-10-08 20:42:56,27572
2023-10-08 21:59:32,27583
2023-10-08 23:18:47,27594
2023-10-09 00:36:21,27605
2023-10-09 01:52:27,27616
2023-10-09 08:38:49,27625
2023-10-09 09:55:59,27636
2023-10-09 11:13:42,27647
2023-10-09 12:01:52,27654
2023-10-09 12:48:40,27661
2023-10-09 14:06:31,27672
2023-10-09 15:23:43,27683
2023-10-09 16:42:32,27694
2023-10-09 18:02:57,27705
2023-10-09 19:20:13,27716
2023-10-09 20:39:02,27727
2023-10-09 21:59:48,27738
2023-10-09 23:19:49,27749
2023-10-10 00:40:40,27760
2023-10-10 02:00:08,27771
2023-10-10 03:19:13,27782
2023-10-10 04:38:50,27793
2023-10-10 05:56:49,27804
2023-10-10 07:14:39,27815
2023-10-10 08:33:18,27826
2023-10-10 09:50:16,27837
2023-10-10 10:52:43,27846
2023-10-10 14:03:51,27858
2023-10-10 15:13:50,27869
2023-10-10 16:23:43,27880
2023-10-10 16:41:00,27883
2023-10-10 17:25:10,27894
2023-10-10 18:08:54,27905
2023-10-10 18:45:27,27914
2023-10-10 19:32:17,27929
2023-10-10 20:18:57,27944
2023-10-10 21:05:29,27959
2023-10-10 21:51:47,27974
2023-10-10 22:38:25,27989
2023-10-10 23:24:52,28004
2023-10-11 00:11:36,28019
2023-10-11 00:58:14,28034
2023-10-11 01:44:41,28049
2023-10-11 02:31:19,28064
2023-10-11 03:18:01,28079
2023-10-11 04:04:32,28094
2023-10-11 04:51:21,28109
2023-10-11 05:57:37,28124
2023-10-11 06:44:21,28139
2023-10-11 07:31:02,28154
2023-10-11 08:17:43,28169
2023-10-11 09:39:06,28181
2023-10-11 10:25:34,28196
2023-10-11 11:12:01,28211
2023-10-11 11:58:37,28226
2023-10-11 12:14:23,28230
2023-10-11 14:03:52,28242
2023-10-11 14:52:20,28257
2023-10-11 15:41:01,28272
2023-10-11 16:29:27,28287
2023-10-11 17:18:23,28302
2023-10-11 18:07:00,28317
2023-10-11 18:55:19,28332
2023-10-11 19:44:01,28347
2023-10-11 20:32:46,28362
2023-10-11 21:20:56,28377
2023-10-11 22:09:21,28392
2023-10-11 22:57:45,28407
2023-10-11 23:46:10,28422
2023-10-12 00:34:38,28437
2023-10-12 01:23:04,28452
2023-10-12 02:11:30,28467
2023-10-12 02:59:58,28482
2023-10-12 03:48:34,28497
2023-10-12 04:37:09,28512
2023-10-12 05:25:49,28527
2023-10-12 06:14:17,28542
2023-10-12 07:02:36,28557
2023-10-12 07:51:26,28572
2023-10-12 08:40:07,28587
2023-10-12 09:28:36,28602
2023-10-12 10:17:15,28617
2023-10-12 11:05:45,28632
2023-10-12 11:41:13,28642
2023-10-12 12:30:31,28657
2023-10-12 13:19:49,28672
2023-10-12 14:18:21,28682
2023-10-12 15:07:12,28697
2023-10-12 15:56:15,28712
2023-10-12 16:45:03,28727
2023-10-12 19:18:50,28737
2023-10-12 19:40:58,28746
2023-10-12 20:30:36,28761
2023-10-12 21:20:02,28776
2023-10-12 22:09:27,28791
2023-10-12 22:58:51,28806
2023-10-12 23:48:17,28821
2023-10-13 00:37:53,28836
2023-10-13 01:27:26,28851
2023-10-13 02:16:57,28866
2023-10-13 03:06:25,28881
2023-10-13 03:55:55,28896
2023-10-13 04:45:27,28911
2023-10-13 05:34:57,28926
2023-10-13 06:24:31,28941
2023-10-13 07:14:15,28956
2023-10-13 08:03:47,28971
2023-10-13 08:53:16,28986
2023-10-13 09:42:49,29001
2023-10-13 10:32:24,29016
2023-10-13 11:22:04,29031
2023-10-13 12:11:53,29046
2023-10-13 13:01:43,29061
2023-10-13 13:51:13,29076
2023-10-13 14:40:57,29091
2023-10-13 15:30:47,29106
2023-10-13 16:20:29,29121
2023-10-13 17:10:05,29136
2023-10-13 17:59:45,29151
2023-10-13 18:49:22,29166
2023-10-13 19:39:10,29181
2023-10-13 20:28:46,29196
2023-10-13 21:18:23,29211
2023-10-13 22:07:57,29226
2023-10-13 22:57:37,29241
2023-10-13 23:47:26,29256
2023-10-14 00:36:52,29271
2023-10-14 01:26:35,29286
2023-10-14 02:16:10,29301
2023-10-14 03:05:44,29316
2023-10-14 03:55:18,29331
2023-10-14 04:45:00,29346
2023-10-14 05:34:41,29361
2023-10-14 06:24:23,29376
2023-10-14 07:14:05,29391
2023-10-14 08:03:42,29406
2023-10-14 08:53:17,29421
2023-10-14 09:42:58,29436
2023-10-14 10:32:32,29451
2023-10-14 11:22:05,29466
2023-10-14 12:11:38,29481
2023-10-14 13:14:07,29495
2023-10-14 14:03:20,29510
2023-10-14 14:52:20,29525
2023-10-14 15:41:27,29540
2023-10-14 16:30:34,29555
2023-10-14 17:19:39,29570
2023-10-14 18:08:40,29585
2023-10-14 18:57:39,29600
2023-10-14 19:46:42,29615
2023-10-14 20:35:29,29630
2023-10-14 21:24:32,29645
2023-10-14 22:13:31,29660
2023-10-14 23:02:18,29675
2023-10-14 23:51:18,29690
2023-10-15 00:40:14,29705
2023-10-15 01:29:11,29720
2023-10-15 02:18:13,29735
2023-10-15 03:07:18,29750
2023-10-15 03:56:16,29765
2023-10-15 04:45:17,29780
2023-10-15 05:34:23,29795
2023-10-15 06:23:20,29810
2023-10-15 07:12:30,29825
2023-10-15 08:01:20,29840
2023-10-15 08:50:20,29855
2023-10-15 09:39:13,29870
2023-10-15 10:28:05,29885
2023-10-15 11:17:00,29900
2023-10-15 12:06:01,29915
2023-10-15 12:55:14,29930
2023-10-15 13:44:20,29945
2023-10-15 14:33:16,29960
2023-10-15 15:22:20,29975
2023-10-15 16:11:20,29990
2023-10-15 17:00:26,30005
2023-10-15 17:49:22,30020
2023-10-15 18:38:08,30035
2023-10-15 19:27:03,30050
2023-10-15 20:16:02,30065
2023-10-15 21:05:06,30080
2023-10-15 21:54:01,30095
2023-10-15 22:42:37,30110
2023-10-15 23:31:25,30125
2023-10-16 00:20:31,30140
2023-10-16 01:09:22,30155
2023-10-16 01:58:17,30170
2023-10-16 03:36:43,30200
2023-10-16 04:25:55,30215
2023-10-16 05:14:54,30230
2023-10-16 06:03:59,30245
2023-10-16 06:52:51,30260
2023-10-16 07:41:52,30275
2023-10-16 08:31:02,30290
2023-10-16 09:20:00,30305
2023-10-16 10:09:09,30320
2023-10-16 10:58:19,30335
2023-10-16 11:47:12,30350
2023-10-16 12:36:11,30365
2023-10-16 12:43:01,30366
2023-10-16 12:45:09,30367
2023-10-16 13:30:47,30382
2023-10-16 14:16:22,30397
2023-10-16 15:02:11,30412
2023-10-16 15:47:42,30427
2023-10-16 16:33:24,30442
2023-10-16 17:19:09,30457
2023-10-16 18:04:49,30472
2023-10-16 18:50:31,30487
2023-10-16 19:36:07,30502
2023-10-16 20:21:55,30517
2023-10-16 21:07:37,30532
2023-10-16 21:53:23,30547
2023-10-16 22:39:22,30562
2023-10-16 23:25:14,30577
2023-10-17 00:11:10,30592
2023-10-17 00:56:59,30607
2023-10-17 01:42:40,30622
2023-10-17 02:28:29,30637
2023-10-17 03:14:21,30652
2023-10-17 04:00:17,30667
2023-10-17 04:46:11,30682
2023-10-17 05:31:59,30697
2023-10-17 06:17:53,30712
2023-10-17 07:03:39,30727
2023-10-17 07:49:23,30742
2023-10-17 08:35:12,30757
2023-10-17 09:20:57,30772
2023-10-17 10:06:40,30787
2023-10-17 10:52:22,30802
2023-10-17 11:56:51,30815
2023-10-17 12:47:07,30830
2023-10-17 13:41:40,30838
2023-10-17 15:01:36,30845
2023-10-17 15:41:19,30860
2023-10-17 16:21:08,30875
2023-10-17 17:00:58,30890
2023-10-17 17:40:41,30905
2023-10-17 18:20:39,30920
2023-10-17 19:00:19,30935
2023-10-17 19:40:11,30950
2023-10-17 20:20:01,30965
2023-10-17 20:59:48,30980
2023-10-17 21:39:40,30995
2023-10-17 22:19:32,31010
2023-10-17 22:59:12,31025
2023-10-17 23:38:57,31040
2023-10-18 00:18:43,31055
2023-10-18 00:58:33,31070
2023-10-18 01:38:18,31085
2023-10-18 02:17:59,31100
2023-10-18 02:57:45,31115
2023-10-18 03:37:37,31130
2023-10-18 04:17:17,31145
2023-10-18 04:57:00,31160
2023-10-18 05:36:48,31175
2023-10-18 06:16:32,31190
2023-10-18 06:56:16,31205
2023-10-18 07:36:07,31220
2023-10-18 08:15:56,31235
2023-10-18 08:55:47,31250
2023-10-18 09:35:43,31265
2023-10-18 10:15:35,31280
2023-10-18 10:55:29,31295
2023-10-18 11:35:19,31310
2023-10-18 12:15:17,31325
2023-10-18 12:55:00,31340
2023-10-18 13:34:45,31355
2023-10-18 14:14:44,31370
2023-10-18 14:54:26,31385
2023-10-18 15:34:11,31400
2023-10-18 16:13:55,31415
2023-10-18 16:53:31,31430
2023-10-18 17:36:47,31444
2023-10-18 18:29:32,31459
2023-10-18 19:10:26,31474
2023-10-18 19:51:21,31489
2023-10-18 20:32:20,31504
2023-10-18 21:13:22,31519
2023-10-18 21:54:18,31534
2023-10-18 22:35:28,31549
2023-10-18 23:16:28,31564
2023-10-18 23:57:22,31579
2023-10-19 00:38:28,31594
2023-10-19 01:19:21,31609
2023-10-19 02:00:16,31624
2023-10-19 02:41:07,31639
2023-10-19 03:22:03,31654
2023-10-19 04:03:05,31669
2023-10-19 04:43:53,31684
2023-10-19 05:24:50,31699
2023-10-19 06:05:46,31714
2023-10-19 06:46:47,31729
2023-10-19 07:27:44,31744
2023-10-19 08:08:54,31759
2023-10-19 08:49:56,31774
2023-10-19 09:30:49,31789
2023-10-19 10:11:44,31804
2023-10-19 10:52:39,31819
2023-10-19 11:33:32,31834
2023-10-19 12:14:38,31849
2023-10-19 15:38:07,31851
2023-10-19 16:19:38,31866
2023-10-19 17:01:18,31881
2023-10-19 17:42:35,31896
2023-10-19 18:23:52,31911
2023-10-19 19:05:36,31926
2023-10-19 19:47:04,31941
2023-10-19 20:28:38,31956
2023-10-19 21:10:04,31971
2023-10-19 21:51:35,31986
2023-10-19 22:33:02,32001
2023-10-19 23:14:22,32016
2023-10-19 23:56:02,32031
2023-10-20 00:37:26,32046
2023-10-20 01:19:00,32061
2023-10-20 02:00:34,32076
2023-10-20 02:42:12,32091
2023-10-20 03:23:38,32106
2023-10-20 04:05:07,32121
2023-10-20 04:46:35,32136
2023-10-20 05:28:08,32151
2023-10-20 06:09:25,32166
2023-10-20 06:51:10,32181
2023-10-20 07:32:49,32196
2023-10-20 08:55:19,32226
2023-10-20 09:36:38,32241
2023-10-20 10:18:26,32256
2023-10-20 10:59:51,32271
2023-10-20 11:41:35,32286
2023-10-20 12:23:06,32301
2023-10-20 13:04:39,32316
2023-10-20 13:46:18,32331
2023-10-20 14:27:45,32346
2023-10-20 14:59:24,32353
2023-10-20 15:40:10,32368
2023-10-20 16:20:59,32383
2023-10-20 17:01:49,32398
2023-10-20 17:42:45,32413
2023-10-20 18:23:31,32428
2023-10-20 19:04:20,32443
2023-10-20 19:45:04,32458
2023-10-20 20:25:51,32473
2023-10-20 21:06:42,32488
2023-10-20 21:47:40,32503
2023-10-20 22:28:26,32518
2023-10-20 23:09:11,32533
2023-10-20 23:49:53,32548
2023-10-21 00:30:46,32563
2023-10-21 01:11:36,32578
2023-10-21 01:52:23,32593
2023-10-21 02:33:07,32608
2023-10-21 03:13:57,32623
2023-10-21 03:54:42,32638
2023-10-21 04:35:28,32653
2023-10-21 05:16:16,32668
2023-10-21 05:56:59,32683
2023-10-21 06:37:39,32698
2023-10-21 07:18:29,32713
2023-10-21 07:59:14,32728
2023-10-21 08:40:03,32743
2023-10-21 09:20:45,32758
2023-10-21 10:01:46,32773
2023-10-21 10:42:35,32788
2023-10-21 11:23:18,32803
2023-10-21 12:04:05,32818
2023-10-21 12:44:54,32833
2023-10-21 13:25:41,32848
2023-10-21 14:06:31,32863
2023-10-21 14:47:21,32878
2023-10-21 15:28:06,32893
2023-10-21 16:08:56,32908
2023-10-21 16:49:47,32923
2023-10-21 17:30:33,32938
2023-10-21 18:11:19,32953
2023-10-21 18:52:12,32968
2023-10-21 19:32:51,32983
2023-10-21 20:13:38,32998
2023-10-21 20:54:34,33013
2023-10-21 21:35:21,33028
2023-10-21 22:16:04,33043
2023-10-21 22:56:44,33058
2023-10-21 23:37:31,33073
2023-10-22 00:18:17,33088
2023-10-22 00:59:06,33103
2023-10-22 01:39:45,33118
2023-10-22 02:20:29,33133
2023-10-22 03:01:17,33148
2023-10-22 03:41:57,33163
2023-10-22 04:22:44,33178
2023-10-22 05:03:28,33193
2023-10-22 05:44:21,33208
2023-10-22 06:25:07,33223
2023-10-22 07:05:56,33238
2023-10-22 07:46:46,33253
2023-10-22 08:27:29,33268
2023-10-22 09:08:17,33283
2023-10-22 09:49:00,33298
2023-10-22 10:29:44,33313
2023-10-22 11:10:27,33328
2023-10-22 11:51:13,33343
2023-10-22 12:32:00,33358
2023-10-22 13:12:46,33373
2023-10-22 13:53:43,33388
2023-10-22 14:34:34,33403
2023-10-22 15:15:21,33418
2023-10-22 15:56:12,33433
2023-10-22 16:36:55,33448
2023-10-22 17:17:43,33463
2023-10-22 17:58:28,33478
2023-10-22 18:39:22,33493
2023-10-22 19:20:16,33508
2023-10-22 20:01:03,33523
2023-10-22 20:41:53,33538
2023-10-22 21:22:34,33553
2023-10-22 22:03:13,33568
2023-10-22 22:44:00,33583
2023-10-22 23:24:53,33598
2023-10-23 00:05:48,33613
2023-10-23 00:46:31,33628
2023-10-23 01:27:19,33643
2023-10-23 02:08:13,33658
2023-10-23 02:49:05,33673
2023-10-23 03:29:53,33688
2023-10-23 04:10:43,33703
2023-10-23 04:51:27,33718
2023-10-23 05:32:14,33733
2023-10-23 06:12:56,33748
2023-10-23 06:53:48,33763
2023-10-23 07:34:40,33778
2023-10-23 08:15:29,33793
2023-10-23 08:56:06,33808
2023-10-23 09:36:51,33823
2023-10-23 10:17:36,33838
2023-10-23 10:58:25,33853
2023-10-23 11:39:09,33868
2023-10-23 12:19:50,33883
2023-10-23 13:00:29,33898
2023-10-23 13:41:18,33913
2023-10-23 14:02:59,33917
2023-10-23 14:42:06,33932
2023-10-23 15:21:23,33947
2023-10-23 16:00:35,33962
2023-10-23 16:39:46,33977
2023-10-23 17:19:03,33992
2023-10-23 17:58:09,34007
2023-10-23 18:37:24,34022
2023-10-23 19:16:29,34037
2023-10-23 19:55:28,34052
2023-10-23 22:15:54,34082
2023-10-23 22:55:13,34097
2023-10-24 17:50:49,34503
2023-10-24 18:32:01,34518
2023-10-24 19:13:40,34533
2023-10-24 19:55:00,34548
2023-10-24 20:36:35,34563
2023-10-24 21:17:48,34578
2023-10-24 21:59:07,34593
2023-10-24 22:40:22,34608
2023-10-24 23:21:46,34623
2023-10-25 00:03:22,34638
2023-10-25 00:45:02,34653
2023-10-25 01:26:28,34668
2023-10-25 02:07:44,34683
2023-10-25 02:49:13,34698
2023-10-25 03:30:39,34713
2023-10-25 04:12:07,34728
2023-10-25 04:53:38,34743
2023-10-25 05:35:11,34758
2023-10-25 06:16:43,34773
2023-10-25 06:58:09,34788
2023-10-26 01:34:58,35013
2023-10-26 02:30:26,35024
2023-10-26 03:25:56,35035
2023-10-26 04:21:22,35046
2023-10-26 05:16:40,35057
2023-10-26 06:12:07,35068
2023-10-26 07:07:35,35079
2023-10-26 08:02:59,35090
2023-10-26 08:58:26,35101
2023-10-26 09:53:54,35112
2023-10-26 12:46:06,35147
2023-10-26 13:41:30,35158
2023-10-26 14:36:49,35169
2023-10-26 15:11:20,35170
2023-10-26 15:13:42,35171
2023-10-26 15:47:49,35173
2023-10-26 15:50:52,35174
2023-10-26 16:35:02,35185
2023-10-26 17:19:29,35196
2023-10-26 18:03:50,35207
2023-10-26 18:48:21,35218
2023-10-26 19:32:57,35229
2023-10-26 20:17:27,35240
2023-10-26 21:01:41,35251
2023-10-26 21:46:01,35262
2023-10-26 22:30:26,35273
2023-10-26 23:14:40,35284
2023-10-26 23:58:58,35295
2023-10-27 00:43:41,35306
2023-10-27 01:28:12,35317
2023-10-27 02:12:47,35328
2023-10-27 02:57:17,35339
2023-10-27 03:41:27,35350
2023-10-27 09:13:38,35360
2023-10-27 09:21:29,35362
2023-10-27 10:06:05,35373
2023-10-27 10:50:29,35384
2023-10-27 11:34:53,35395
2023-10-27 12:19:20,35406
2023-10-27 13:06:20,35417
2023-10-27 14:08:08,35424
2023-10-27 14:52:49,35435
2023-10-27 15:37:31,35446
2023-10-27 16:22:24,35457
2023-10-27 17:07:06,35468
2023-10-27 17:51:55,35479
2023-10-27 18:36:45,35490
2023-10-27 19:21:38,35501
2023-10-27 20:06:27,35512
2023-10-27 22:04:51,35525
2023-10-27 22:49:46,35536
2023-10-27 23:19:59,35544
2023-10-28 00:04:51,35555
2023-10-28 00:49:45,35566
2023-10-28 01:34:28,35577
2023-10-28 02:19:21,35588
2023-10-28 03:04:11,35599
2023-10-28 03:49:00,35610
2023-10-28 04:33:53,35621
2023-10-28 05:18:43,35632
2023-10-28 06:03:31,35643
2023-10-28 06:48:19,35654
2023-10-28 07:33:08,35665
2023-10-28 08:18:00,35676
2023-10-28 09:02:45,35687
2023-10-28 09:47:38,35698
2023-10-28 10:32:32,35709
2023-10-28 11:17:21,35720
2023-10-28 12:02:06,35731
2023-10-28 12:40:29,35734
2023-10-28 13:25:24,35745
2023-10-28 14:10:18,35756
2023-10-28 14:55:08,35767
2023-10-28 15:40:00,35778
2023-10-28 16:24:55,35789
2023-10-28 17:09:48,35800
2023-10-28 17:54:43,35811
2023-10-28 18:39:37,35822
2023-10-28 19:24:30,35833
2023-10-28 20:09:24,35844
2023-10-28 20:54:18,35855
2023-10-28 21:39:10,35866
2023-10-28 22:24:07,35877
2023-10-28 23:09:00,35888
2023-10-28 23:53:54,35899
2023-10-29 00:38:45,35910
2023-10-29 01:23:40,35921
2023-10-29 02:08:35,35932
2023-10-29 02:53:29,35943
2023-10-29 02:38:16,35954
2023-10-29 03:08:03,35976
2023-10-29 03:23:07,35965
2023-10-29 03:52:53,35987
2023-10-29 04:37:48,35998
2023-10-29 05:22:38,36009
2023-10-29 06:07:28,36020
2023-10-29 06:52:22,36031
2023-10-29 07:37:16,36042
2023-10-29 08:22:10,36053
2023-10-29 09:07:02,36064
2023-10-29 09:51:52,36075
2023-10-29 10:36:47,36086
2023-10-29 11:21:37,36097
2023-10-29 12:06:32,36108
2023-10-29 12:50:05,36117
2023-10-29 13:34:54,36128
2023-10-29 14:19:44,36139
2023-10-29 15:49:24,36161
2023-10-29 16:34:17,36172
2023-10-29 17:19:07,36183
2023-10-29 18:03:51,36194
2023-10-29 18:48:40,36205
2023-10-29 19:33:34,36216
2023-10-29 20:18:27,36227
2023-10-29 21:03:09,36238
2023-10-29 21:48:04,36249
2023-10-29 22:32:53,36260
2023-10-29 23:17:37,36271
2023-10-30 00:02:27,36282
2023-10-30 00:47:13,36293
2023-10-30 01:32:06,36304
2023-10-30 02:17:00,36315
2023-10-30 03:01:54,36326
2023-10-30 03:46:44,36337
2023-10-30 04:31:33,36348
2023-10-30 05:16:23,36359
2023-10-30 06:01:16,36370
2023-10-30 06:46:09,36381
2023-10-30 07:31:03,36392
2023-10-30 08:15:51,36403
2023-10-30 09:00:44,36414
2023-10-30 09:45:25,36425
2023-10-30 17:57:35,36428
2023-10-30 18:41:43,36439
2023-10-30 19:26:07,36450
2023-10-30 20:10:17,36461
2023-10-30 20:54:38,36472
2023-10-30 21:38:53,36483
2023-10-30 22:23:07,36494
2023-10-30 23:07:23,36505
2023-10-30 23:51:37,36516
2023-10-31 00:35:42,36527
2023-10-31 01:19:57,36538
2023-10-31 02:04:11,36549
2023-10-31 02:48:27,36560
2023-10-31 03:32:36,36571
2023-10-31 04:16:50,36582
2023-10-31 05:00:50,36593
2023-10-31 05:45:02,36604
2023-10-31 06:29:33,36615
2023-10-31 07:13:41,36626
2023-10-31 07:57:48,36637
2023-10-31 08:42:10,36648
2023-10-31 13:55:23,36658
2023-10-31 14:49:49,36662
2023-10-31 15:03:11,36664
2023-10-31 16:29:38,36675
2023-10-31 17:57:30,36686
2023-10-31 18:38:46,36691
2023-10-31 20:05:52,36702
2023-10-31 21:30:57,36713
2023-10-31 22:58:21,36724
2023-11-01 00:27:17,36735
2023-11-01 01:54:19,36746
2023-11-01 03:19:36,36757
2023-11-01 04:46:15,36768
2023-11-01 06:10:21,36779
2023-11-01 07:36:35,36790
2023-11-01 09:03:40,36801
2023-11-01 10:28:32,36812
2023-11-01 11:53:18,36823
2023-11-01 13:17:27,36834
2023-11-01 14:16:53,36841
2023-11-01 14:52:43,36848
2023-11-01 16:16:43,36859
2023-11-01 17:42:05,36870
2023-11-01 19:06:45,36881
2023-11-01 20:30:02,36892
2023-11-01 21:56:15,36903
2023-11-01 23:20:27,36914
2023-11-02 00:43:34,36925
2023-11-02 02:06:16,36936
2023-11-02 03:30:50,36947
2023-11-02 04:55:21,36958
2023-11-02 06:19:33,36969
2023-11-02 07:44:24,36980
2023-11-02 09:07:23,36991
2023-11-02 10:32:21,37002
2023-11-02 11:56:14,37013
2023-11-02 12:34:40,37018
2023-11-02 12:58:37,37025
2023-11-02 14:22:21,37036
2023-11-02 15:46:46,37047
2023-11-02 17:10:13,37058
2023-11-02 18:33:36,37069
2023-11-02 19:57:01,37080
2023-11-02 21:18:15,37091
2023-11-02 22:39:33,37102
2023-11-03 00:01:35,37113
2023-11-03 01:20:44,37124
2023-11-03 02:42:08,37135
2023-11-03 04:01:33,37146
2023-11-03 05:20:31,37157
2023-11-03 06:40:57,37168
2023-11-03 07:58:28,37179
2023-11-03 09:18:29,37190
2023-11-03 10:37:35,37201
2023-11-03 11:55:33,37212
2023-11-03 13:14:43,37223
2023-11-03 14:32:38,37234
2023-11-03 15:52:55,37245
2023-11-03 17:12:10,37256
2023-11-03 18:33:02,37267
2023-11-03 19:54:23,37278
2023-11-03 20:52:51,37280
2023-11-03 22:15:00,37291
2023-11-03 23:37:24,37302
2023-11-04 01:00:12,37313
2023-11-04 02:22:43,37324
2023-11-04 03:45:32,37335
2023-11-04 05:07:04,37346
2023-11-04 06:30:16,37357
2023-11-04 07:53:32,37368
2023-11-04 09:15:06,37379
2023-11-04 10:37:54,37390
2023-11-04 12:00:37,37401
2023-11-04 13:25:02,37412
2023-11-04 14:28:01,37421
2023-11-04 14:30:03,37422
2023-11-04 15:53:30,37433
2023-11-04 17:17:35,37444
2023-11-04 18:40:47,37455
2023-11-04 20:03:15,37466
2023-11-04 21:25:16,37477
2023-11-04 22:45:27,37488
2023-11-05 00:07:48,37499
2023-11-05 01:30:11,37510
2023-11-05 02:52:37,37521
2023-11-05 04:13:45,37532
2023-11-05 05:36:47,37543
2023-11-05 06:59:11,37554
2023-11-05 08:20:21,37565
2023-11-05 09:41:24,37576
2023-11-05 11:01:59,37587
2023-11-05 12:22:22,37598
2023-11-05 13:44:10,37609
2023-11-05 15:05:22,37620
2023-11-05 16:25:17,37631
2023-11-05 17:45:50,37642
2023-11-05 19:07:23,37653
2023-11-05 20:30:14,37664
2023-11-05 21:51:57,37675
2023-11-05 23:15:56,37686
2023-11-06 00:39:24,37697
2023-11-06 02:00:08,37708
2023-11-06 03:23:06,37719
2023-11-06 04:47:51,37730
2023-11-06 06:10:34,37741
2023-11-06 07:33:58,37752
2023-11-06 08:57:25,37763
2023-11-06 10:21:55,37774
2023-11-06 11:43:00,37785
2023-11-06 13:06:45,37796
2023-11-06 14:29:54,37807
2023-11-06 15:53:19,37818
2023-11-06 17:17:29,37829
2023-11-06 17:45:36,37836
2023-11-06 19:11:00,37847
2023-11-06 20:36:00,37858
2023-11-06 22:02:02,37869
2023-11-06 22:05:15,37870
2023-11-06 23:25:17,37881
2023-11-07 00:44:50,37892
2023-11-07 02:05:56,37903
2023-11-07 03:28:05,37914
2023-11-07 08:11:57,37922
2023-11-07 09:34:18,37933
2023-11-07 11:13:35,37938
2023-11-07 11:18:34,37940
2023-11-07 13:51:00,37962
2023-11-07 14:44:40,37973
2023-11-07 15:38:20,37984
2023-11-07 16:32:02,37995
2023-11-07 17:25:47,38006
2023-11-07 18:19:37,38017
2023-11-07 19:13:19,38028
2023-11-07 20:07:04,38039
2023-11-07 21:00:55,38050
2023-11-07 21:54:42,38061
2023-11-07 22:48:26,38072
2023-11-07 23:42:07,38083
2023-11-08 00:35:58,38094
2023-11-08 01:29:39,38105
2023-11-08 02:23:24,38116
2023-11-08 03:17:17,38127
2023-11-08 04:11:12,38138
2023-11-08 05:04:59,38149
2023-11-08 05:58:41,38160
2023-11-08 06:52:25,38171
2023-11-08 07:46:17,38182
2023-11-08 08:40:07,38193
2023-11-08 09:33:51,38204
2023-11-08 10:27:43,38215
2023-11-08 11:21:25,38226
2023-11-08 12:15:23,38237
2023-11-08 12:54:43,38243
2023-11-08 13:51:31,38254
2023-11-08 14:48:19,38265
2023-11-08 15:45:06,38276
2023-11-08 16:41:57,38287
2023-11-08 17:38:54,38298
2023-11-08 18:36:00,38309
2023-11-08 19:32:56,38320
2023-11-08 20:29:53,38331
2023-11-08 21:26:44,38342
2023-11-08 22:23:42,38353
2023-11-08 23:20:35,38364
2023-11-09 00:17:27,38375
2023-11-09 01:14:15,38386
2023-11-09 02:11:05,38397
2023-11-09 03:08:10,38408
2023-11-09 04:04:58,38419
2023-11-09 05:01:53,38430
2023-11-09 05:58:41,38441
2023-11-09 06:55:28,38452
2023-11-09 07:52:16,38463
2023-11-09 08:49:14,38474
2023-11-09 09:46:11,38485
2023-11-09 10:43:09,38496
2023-11-09 11:40:09,38507
2023-11-09 12:37:06,38518
2023-11-09 13:33:58,38529
2023-11-09 14:30:52,38540
2023-11-09 15:27:44,38551
2023-11-09 16:24:39,38562
2023-11-09 17:21:29,38573
2023-11-09 18:29:02,38584
2023-11-09 19:26:29,38595
2023-11-09 20:24:02,38606
2023-11-09 21:21:43,38617
2023-11-09 22:19:06,38628
2023-11-09 23:16:39,38639
2023-11-10 00:14:13,38650
2023-11-10 01:11:52,38661
2023-11-10 02:09:25,38672
2023-11-10 03:06:56,38683
2023-11-10 04:04:33,38694
2023-11-10 05:02:03,38705
2023-11-10 05:59:45,38716
2023-11-10 06:57:16,38727
2023-11-10 07:54:46,38738
2023-11-10 08:52:24,38749
2023-11-10 09:49:57,38760
2023-11-10 10:47:35,38771
2023-11-10 11:45:07,38782
2023-11-10 12:42:33,38793
2023-11-10 13:40:02,38804
2023-11-10 14:37:48,38815
2023-11-10 15:35:19,38826
2023-11-10 16:32:49,38837
2023-11-10 17:36:35,38848
2023-11-10 18:33:23,38859
2023-11-10 19:30:13,38870
2023-11-10 20:26:55,38881
2023-11-10 21:23:43,38892
2023-11-10 22:20:20,38903
2023-11-10 23:17:06,38914
2023-11-11 00:13:55,38925
2023-11-11 01:10:47,38936
2023-11-11 02:07:33,38947
2023-11-11 03:04:22,38958
2023-11-11 04:01:22,38969
2023-11-11 04:58:17,38980
2023-11-11 05:55:04,38991
2023-11-11 06:52:01,39002
2023-11-11 07:48:46,39013
2023-11-11 08:45:39,39024
2023-11-11 09:42:26,39035
2023-11-11 10:39:08,39046
2023-11-11 11:35:56,39057
2023-11-11 12:32:43,39068
2023-11-11 13:29:41,39079
2023-11-11 14:34:23,39090
2023-11-11 15:28:03,39101
2023-11-11 16:21:37,39112
2023-11-11 17:15:06,39123
2023-11-11 18:08:43,39134
2023-11-11 19:02:17,39145
2023-11-11 19:55:47,39156
2023-11-11 20:49:17,39167
2023-11-11 21:42:47,39178
2023-11-11 22:36:19,39189
2023-11-11 23:29:57,39200
2023-11-12 00:23:35,39211
2023-11-12 01:17:13,39222
2023-11-12 02:10:46,39233
2023-11-12 03:04:23,39244
2023-11-12 03:57:57,39255
2023-11-12 04:51:26,39266
2023-11-12 05:44:57,39277
2023-11-12 06:38:24,39288
2023-11-12 07:31:57,39299
2023-11-12 08:25:45,39310
2023-11-12 09:19:20,39321
2023-11-12 10:12:49,39332
2023-11-12 11:06:14,39343
2023-11-12 11:59:40,39354
2023-11-12 12:53:17,39365
2023-11-12 13:57:14,39376
2023-11-12 14:24:09,39380
2023-11-12 14:49:40,39385
2023-11-12 15:47:38,39396
2023-11-12 16:45:17,39407
2023-11-12 17:42:51,39418
2023-11-12 18:40:31,39429
2023-11-12 19:38:11,39440
2023-11-12 20:35:46,39451
2023-11-12 21:33:26,39462
2023-11-12 22:31:07,39473
2023-11-12 23:28:44,39484
2023-11-13 00:26:30,39495
2023-11-13 01:24:22,39506
2023-11-13 02:22:10,39517
2023-11-13 03:19:51,39528
2023-11-13 04:17:26,39539
2023-11-13 05:15:11,39550
2023-11-13 06:12:50,39561
2023-11-13 07:10:37,39572
2023-11-13 08:08:20,39583
2023-11-13 09:05:58,39594
2023-11-13 10:03:33,39605
2023-11-13 11:01:18,39616
2023-11-13 11:59:08,39627
2023-11-13 19:00:45,39642
2023-11-13 19:57:58,39653
2023-11-13 20:55:07,39664
2023-11-13 21:52:12,39675
2023-11-13 22:49:21,39686
2023-11-13 23:46:26,39697
2023-11-14 00:43:36,39708
2023-11-14 01:40:50,39719
2023-11-14 02:38:02,39730
2023-11-14 03:35:12,39741
2023-11-14 04:32:17,39752
2023-11-14 05:29:39,39763
2023-11-14 06:26:50,39774
2023-11-14 07:24:04,39785
2023-11-14 08:21:17,39796
2023-11-14 09:18:16,39807
2023-11-14 10:15:22,39818
2023-11-14 11:12:33,39829
2023-11-14 12:09:34,39840
2023-11-14 13:06:42,39851
2023-11-14 14:03:39,39862
2023-11-14 15:00:40,39873
2023-11-14 15:57:49,39884
2023-11-14 16:55:00,39895
2023-11-14 17:52:08,39906
2023-11-14 18:18:52,39910
2023-11-14 19:06:37,39921
2023-11-14 19:54:00,39932
2023-11-14 20:41:27,39943
2023-11-14 21:29:03,39954
2023-11-14 22:17:09,39965
2023-11-14 23:04:56,39976
2023-11-14 23:52:21,39987
2023-11-15 00:40:06,39998
2023-11-15 01:27:54,40009
2023-11-15 02:15:32,40020
2023-11-15 03:03:02,40031
2023-11-15 03:50:49,40042
2023-11-15 04:38:22,40053
2023-11-15 05:25:56,40064
2023-11-15 06:13:49,40075
2023-11-15 07:01:54,40086
2023-11-15 07:48:57,40097
2023-11-15 08:36:48,40108
2023-11-15 09:24:31,40119
2023-11-15 10:11:49,40130
2023-11-15 10:59:39,40141
2023-11-15 11:47:20,40152
2023-11-15 12:35:07,40163
2023-11-15 13:22:53,40174
2023-11-15 14:10:50,40185
2023-11-15 14:58:33,40196
2023-11-15 15:45:57,40207
2023-11-15 16:33:58,40218
2023-11-15 17:21:44,40229
2023-11-15 18:09:09,40240
2023-11-15 18:56:46,40251
2023-11-15 19:44:28,40262
2023-11-15 20:32:09,40273
2023-11-15 21:19:33,40284
2023-11-15 22:07:38,40295
2023-11-15 22:55:12,40306
2023-11-15 23:42:52,40317
2023-11-16 00:29:59,40328
2023-11-16 01:17:31,40339
2023-11-16 02:04:47,40350
2023-11-16 02:52:49,40361
2023-11-16 03:40:22,40372
2023-11-16 04:27:33,40383
2023-11-16 05:14:52,40394
2023-11-16 06:02:15,40405
2023-11-16 06:50:06,40416
2023-11-16 07:37:29,40427
2023-11-16 08:24:59,40438
2023-11-21 18:55:03,40452
2023-11-21 19:54:14,40454
2023-11-21 20:53:12,40456
2023-11-21 21:52:07,40458
2023-11-21 22:50:59,40460
2023-11-21 23:49:59,40462
2023-11-22 00:48:57,40464
2023-11-22 01:47:39,40466
2023-11-22 02:46:39,40468
2023-11-22 03:45:38,40470
2023-11-22 04:44:36,40472
2023-11-22 05:43:21,40474
2023-11-22 06:42:09,40476
2023-11-22 07:40:49,40478
2023-11-22 08:39:49,40480
2023-11-22 09:38:58,40482
2023-11-22 13:35:56,40490
2023-11-22 13:47:12,40492
2023-11-22 14:47:41,40494
2023-11-22 15:48:11,40496
2023-11-22 16:48:37,40498
2023-11-22 17:49:07,40500
2023-11-22 18:32:22,40504
2023-11-22 19:32:51,40506
2023-11-22 20:33:19,40508
2023-11-22 21:33:46,40510
2023-11-22 22:34:11,40512
2023-11-22 23:34:39,40514
2023-11-23 00:35:08,40516
2023-11-23 01:35:35,40518
2023-11-23 02:36:03,40520
2023-11-23 03:36:29,40522
2023-11-23 04:36:55,40524
2023-11-23 05:37:21,40526
2023-11-23 06:37:45,40528
2023-11-23 07:38:14,40530
2023-11-23 08:38:44,40532
2023-11-23 09:39:14,40534
2023-11-23 10:39:39,40536
2023-11-23 11:35:48,40538
2023-11-23 12:49:18,40549
2023-11-23 14:02:18,40560
2023-11-23 15:16:28,40571
2023-11-23 16:32:00,40582
2023-11-23 17:47:36,40593
2023-11-23 19:03:14,40604
2023-11-23 20:18:07,40615
2023-11-23 21:32:17,40626
2023-11-23 22:47:18,40637
2023-11-24 00:02:17,40648
2023-11-24 01:14:42,40659
2023-11-24 02:30:31,40670
2023-11-24 03:44:10,40681
2023-11-24 04:57:03,40692
2023-11-24 06:12:11,40703
2023-11-24 07:27:46,40714
2023-11-24 08:42:32,40725
2023-11-24 09:54:57,40736
2023-11-24 11:09:23,40747
2023-11-24 12:24:30,40758
2023-11-24 13:39:40,40769
2023-11-24 14:35:10,40778
2023-11-24 15:35:39,40780

